booking_id,booking_date,user_id,full_name,customer_city,segment,property_name,destination,property_type,nights,status,total_amount,revenue_per_night,booking_month
31,2026-06-29,1,Customer 001,Delhi,Budget,Manali Stay 3,Manali,Hotel,5,Completed,52215,10443.0,2026-06
488,2026-07-31,1,Customer 001,Delhi,Budget,Jaipur Stay 4,Jaipur,Hotel,7,Confirmed,21595,3085.0,2026-07
25,2025-10-20,2,Customer 002,Pune,Premium,Udaipur Stay 4,Udaipur,Hostel,4,Completed,11468,2867.0,2025-10
171,2026-07-08,2,Customer 002,Pune,Premium,Udaipur Stay 7,Udaipur,Hotel,2,Completed,12392,6196.0,2026-07
238,2026-03-16,2,Customer 002,Pune,Premium,Varanasi Stay 7,Varanasi,Homestay,2,Completed,16776,8388.0,2026-03
793,2025-08-08,2,Customer 002,Pune,Premium,Jaipur Stay 5,Jaipur,Resort,5,Completed,12070,2414.0,2025-08
884,2026-02-25,2,Customer 002,Pune,Premium,Goa Stay 2,Goa,Hotel,5,Confirmed,38815,7763.0,2026-02
382,2026-05-31,3,Customer 003,Hyderabad,Standard,Manali Stay 6,Manali,Hotel,4,Completed,29784,7446.0,2026-05
732,2025-07-08,3,Customer 003,Hyderabad,Standard,Varanasi Stay 3,Varanasi,Hotel,5,Completed,55915,11183.0,2025-07
327,2025-07-18,4,Customer 004,Kolkata,Budget,Ladakh Stay 8,Ladakh,Hotel,4,Confirmed,45360,11340.0,2025-07
433,2025-12-31,4,Customer 004,Kolkata,Budget,Udaipur Stay 4,Udaipur,Hostel,7,Confirmed,20069,2867.0,2025-12
640,2026-02-17,4,Customer 004,Kolkata,Budget,Kerala Stay 4,Kerala,Homestay,1,Completed,1927,1927.0,2026-02
994,2025-09-03,4,Customer 004,Kolkata,Budget,Manali Stay 4,Manali,Hotel,7,Completed,74991,10713.0,2025-09
528,2026-06-22,6,Customer 006,Jaipur,Premium,Udaipur Stay 2,Udaipur,Homestay,6,Completed,55542,9257.0,2026-06
794,2026-05-28,6,Customer 006,Jaipur,Premium,Kerala Stay 3,Kerala,Resort,3,Completed,34242,11414.0,2026-05
202,2025-12-30,7,Customer 007,Delhi,Budget,Kerala Stay 3,Kerala,Resort,7,Completed,79898,11414.0,2025-12
993,2026-05-15,7,Customer 007,Delhi,Budget,Kerala Stay 3,Kerala,Resort,1,Confirmed,11414,11414.0,2026-05
1197,2025-07-03,8,Customer 008,Hyderabad,Premium,Varanasi Stay 5,Varanasi,Hotel,1,Completed,5294,5294.0,2025-07
68,2026-08-03,9,Customer 009,Mumbai,Budget,Udaipur Stay 2,Udaipur,Homestay,6,Confirmed,55542,9257.0,2026-08
608,2026-01-05,9,Customer 009,Mumbai,Budget,Kerala Stay 3,Kerala,Resort,7,Completed,79898,11414.0,2026-01
643,2025-08-26,9,Customer 009,Mumbai,Budget,Jaipur Stay 3,Jaipur,Resort,7,Confirmed,29470,4210.0,2025-08
689,2026-03-07,9,Customer 009,Mumbai,Budget,Ladakh Stay 6,Ladakh,Hotel,7,Completed,54082,7726.0,2026-03
855,2026-03-28,9,Customer 009,Mumbai,Budget,Varanasi Stay 7,Varanasi,Homestay,6,Completed,50328,8388.0,2026-03
83,2025-06-14,10,Customer 010,Delhi,Premium,Ladakh Stay 8,Ladakh,Hotel,4,Completed,45360,11340.0,2025-06
226,2026-02-24,10,Customer 010,Delhi,Premium,Ladakh Stay 1,Ladakh,Hostel,7,Confirmed,83139,11877.0,2026-02
364,2026-07-23,10,Customer 010,Delhi,Premium,Manali Stay 5,Manali,Resort,2,Completed,7378,3689.0,2026-07
607,2026-04-11,10,Customer 010,Delhi,Premium,Manali Stay 6,Manali,Hotel,6,Confirmed,44676,7446.0,2026-04
824,2025-08-26,10,Customer 010,Delhi,Premium,Manali Stay 3,Manali,Hotel,4,Completed,41772,10443.0,2025-08
525,2026-05-01,11,Customer 011,Kolkata,Standard,Varanasi Stay 2,Varanasi,Hotel,1,Completed,11607,11607.0,2026-05
724,2026-02-17,11,Customer 011,Kolkata,Standard,Udaipur Stay 4,Udaipur,Hostel,5,Completed,14335,2867.0,2026-02
1143,2026-06-14,11,Customer 011,Kolkata,Standard,Kerala Stay 6,Kerala,Hotel,6,Completed,35766,5961.0,2026-06
1151,2026-03-19,11,Customer 011,Kolkata,Standard,Udaipur Stay 8,Udaipur,Hotel,1,Completed,9384,9384.0,2026-03
492,2026-06-18,12,Customer 012,Jaipur,Standard,Kerala Stay 5,Kerala,Resort,7,Completed,43155,6165.0,2026-06
611,2026-07-19,12,Customer 012,Jaipur,Standard,Ladakh Stay 1,Ladakh,Hostel,2,Completed,23754,11877.0,2026-07
1010,2026-05-16,12,Customer 012,Jaipur,Standard,Kerala Stay 3,Kerala,Resort,7,Completed,79898,11414.0,2026-05
859,2025-07-04,13,Customer 013,Pune,Budget,Jaipur Stay 2,Jaipur,Homestay,6,Completed,30204,5034.0,2025-07
755,2025-06-29,14,Customer 014,Pune,Premium,Udaipur Stay 2,Udaipur,Homestay,5,Confirmed,46285,9257.0,2025-06
297,2025-11-24,15,Customer 015,Pune,Budget,Varanasi Stay 4,Varanasi,Hostel,7,Confirmed,73927,10561.0,2025-11
551,2026-06-26,15,Customer 015,Pune,Budget,Ladakh Stay 6,Ladakh,Hotel,5,Confirmed,38630,7726.0,2026-06
766,2026-02-24,15,Customer 015,Pune,Budget,Kerala Stay 5,Kerala,Resort,7,Completed,43155,6165.0,2026-02
1092,2026-03-20,15,Customer 015,Pune,Budget,Jaipur Stay 4,Jaipur,Hotel,4,Completed,12340,3085.0,2026-03
1163,2026-06-14,15,Customer 015,Pune,Budget,Goa Stay 8,Goa,Resort,1,Completed,4806,4806.0,2026-06
332,2026-03-01,16,Customer 016,Pune,Budget,Manali Stay 2,Manali,Resort,4,Completed,7940,1985.0,2026-03
498,2026-05-13,17,Customer 017,Kolkata,Budget,Goa Stay 1,Goa,Hostel,7,Completed,53851,7693.0,2026-05
1147,2026-03-20,17,Customer 017,Kolkata,Budget,Varanasi Stay 3,Varanasi,Hotel,1,Completed,11183,11183.0,2026-03
18,2026-02-15,18,Customer 018,Delhi,Standard,Goa Stay 4,Goa,Resort,7,Completed,75453,10779.0,2026-02
96,2025-11-30,18,Customer 018,Delhi,Standard,Jaipur Stay 6,Jaipur,Resort,3,Confirmed,10692,3564.0,2025-11
3,2025-06-11,19,Customer 019,Pune,Budget,Manali Stay 4,Manali,Hotel,7,Completed,74991,10713.0,2025-06
555,2025-12-09,19,Customer 019,Pune,Budget,Ladakh Stay 7,Ladakh,Resort,2,Completed,15346,7673.0,2025-12
841,2026-05-18,20,Customer 020,Kolkata,Premium,Ladakh Stay 2,Ladakh,Homestay,6,Completed,33876,5646.0,2026-05
1171,2026-01-22,20,Customer 020,Kolkata,Premium,Manali Stay 5,Manali,Resort,4,Completed,14756,3689.0,2026-01
309,2025-12-05,21,Customer 021,Kolkata,Standard,Manali Stay 7,Manali,Resort,1,Completed,7233,7233.0,2025-12
576,2025-10-09,21,Customer 021,Kolkata,Standard,Manali Stay 4,Manali,Hotel,7,Confirmed,74991,10713.0,2025-10
36,2026-03-10,23,Customer 023,Mumbai,Budget,Udaipur Stay 5,Udaipur,Homestay,5,Confirmed,52920,10584.0,2026-03
629,2026-05-18,23,Customer 023,Mumbai,Budget,Udaipur Stay 8,Udaipur,Hotel,7,Completed,65688,9384.0,2026-05
149,2026-03-16,24,Customer 024,Jaipur,Budget,Goa Stay 8,Goa,Resort,2,Confirmed,9612,4806.0,2026-03
225,2025-11-04,24,Customer 024,Jaipur,Budget,Ladakh Stay 5,Ladakh,Resort,4,Confirmed,30512,7628.0,2025-11
291,2026-07-23,24,Customer 024,Jaipur,Budget,Manali Stay 4,Manali,Hotel,5,Completed,53565,10713.0,2026-07
1026,2025-10-24,24,Customer 024,Jaipur,Budget,Manali Stay 7,Manali,Resort,3,Completed,21699,7233.0,2025-10
21,2025-08-19,25,Customer 025,Pune,Standard,Kerala Stay 2,Kerala,Hotel,2,Confirmed,23660,11830.0,2025-08
127,2025-12-19,25,Customer 025,Pune,Standard,Manali Stay 3,Manali,Hotel,7,Completed,73101,10443.0,2025-12
295,2025-07-08,25,Customer 025,Pune,Standard,Ladakh Stay 8,Ladakh,Hotel,1,Completed,11340,11340.0,2025-07
933,2025-06-01,25,Customer 025,Pune,Standard,Udaipur Stay 2,Udaipur,Homestay,2,Completed,18514,9257.0,2025-06
61,2026-04-05,26,Customer 026,Hyderabad,Standard,Manali Stay 2,Manali,Resort,7,Completed,13895,1985.0,2026-04
846,2025-09-30,26,Customer 026,Hyderabad,Standard,Udaipur Stay 8,Udaipur,Hotel,7,Completed,65688,9384.0,2025-09
158,2026-07-10,27,Customer 027,Bengaluru,Budget,Jaipur Stay 2,Jaipur,Homestay,4,Completed,20136,5034.0,2026-07
359,2025-06-26,27,Customer 027,Bengaluru,Budget,Udaipur Stay 8,Udaipur,Hotel,5,Confirmed,46920,9384.0,2025-06
591,2026-06-27,27,Customer 027,Bengaluru,Budget,Kerala Stay 2,Kerala,Hotel,7,Completed,82810,11830.0,2026-06
762,2026-01-19,27,Customer 027,Bengaluru,Budget,Goa Stay 3,Goa,Homestay,1,Completed,2729,2729.0,2026-01
1,2025-10-24,28,Customer 028,Pune,Premium,Goa Stay 4,Goa,Resort,3,Completed,32337,10779.0,2025-10
172,2026-06-10,28,Customer 028,Pune,Premium,Ladakh Stay 4,Ladakh,Hotel,4,Completed,23300,5825.0,2026-06
1018,2025-12-10,28,Customer 028,Pune,Premium,Goa Stay 7,Goa,Resort,3,Confirmed,9438,3146.0,2025-12
138,2026-01-15,29,Customer 029,Kolkata,Budget,Manali Stay 6,Manali,Hotel,1,Completed,7446,7446.0,2026-01
728,2026-06-28,29,Customer 029,Kolkata,Budget,Kerala Stay 1,Kerala,Homestay,3,Completed,27357,9119.0,2026-06
754,2025-09-25,29,Customer 029,Kolkata,Budget,Jaipur Stay 4,Jaipur,Hotel,6,Confirmed,18510,3085.0,2025-09
879,2026-05-15,29,Customer 029,Kolkata,Budget,Kerala Stay 7,Kerala,Homestay,6,Completed,51030,8505.0,2026-05
610,2025-10-08,30,Customer 030,Kolkata,Standard,Goa Stay 6,Goa,Hotel,2,Completed,9172,4586.0,2025-10
151,2026-05-07,31,Customer 031,Kolkata,Premium,Ladakh Stay 6,Ladakh,Hotel,6,Completed,46356,7726.0,2026-05
489,2025-10-08,31,Customer 031,Kolkata,Premium,Jaipur Stay 5,Jaipur,Resort,1,Completed,2414,2414.0,2025-10
839,2025-12-23,31,Customer 031,Kolkata,Premium,Varanasi Stay 7,Varanasi,Homestay,5,Completed,41940,8388.0,2025-12
761,2025-06-28,32,Customer 032,Mumbai,Standard,Varanasi Stay 2,Varanasi,Hotel,5,Completed,58035,11607.0,2025-06
638,2026-01-13,33,Customer 033,Delhi,Standard,Varanasi Stay 1,Varanasi,Hotel,5,Completed,27340,5468.0,2026-01
867,2026-06-24,33,Customer 033,Delhi,Standard,Udaipur Stay 7,Udaipur,Hotel,4,Confirmed,24784,6196.0,2026-06
1056,2025-12-07,34,Customer 034,Kolkata,Premium,Udaipur Stay 1,Udaipur,Homestay,7,Confirmed,59206,8458.0,2025-12
1164,2026-07-10,34,Customer 034,Kolkata,Premium,Goa Stay 2,Goa,Hotel,5,Completed,38815,7763.0,2026-07
253,2026-07-22,35,Customer 035,Jaipur,Budget,Udaipur Stay 3,Udaipur,Resort,1,Completed,6332,6332.0,2026-07
775,2025-09-09,35,Customer 035,Jaipur,Budget,Jaipur Stay 1,Jaipur,Homestay,1,Completed,10224,10224.0,2025-09
1002,2026-05-24,35,Customer 035,Jaipur,Budget,Udaipur Stay 8,Udaipur,Hotel,7,Completed,65688,9384.0,2026-05
28,2026-05-25,36,Customer 036,Delhi,Budget,Kerala Stay 3,Kerala,Resort,7,Completed,79898,11414.0,2026-05
940,2025-11-29,36,Customer 036,Delhi,Budget,Goa Stay 6,Goa,Hotel,5,Confirmed,22930,4586.0,2025-11
45,2026-07-30,37,Customer 037,Jaipur,Budget,Varanasi Stay 6,Varanasi,Homestay,6,Completed,39546,6591.0,2026-07
1131,2026-06-13,38,Customer 038,Pune,Standard,Goa Stay 4,Goa,Resort,1,Completed,10779,10779.0,2026-06
276,2026-01-09,39,Customer 039,Mumbai,Standard,Goa Stay 8,Goa,Resort,6,Completed,28836,4806.0,2026-01
731,2025-06-05,39,Customer 039,Mumbai,Standard,Ladakh Stay 1,Ladakh,Hostel,7,Completed,83139,11877.0,2025-06
1016,2026-03-08,39,Customer 039,Mumbai,Standard,Ladakh Stay 3,Ladakh,Homestay,4,Completed,32852,8213.0,2026-03
93,2025-10-24,40,Customer 040,Hyderabad,Standard,Jaipur Stay 2,Jaipur,Homestay,5,Confirmed,25170,5034.0,2025-10
199,2026-01-07,40,Customer 040,Hyderabad,Standard,Kerala Stay 4,Kerala,Homestay,4,Completed,7708,1927.0,2026-01
212,2026-05-12,40,Customer 040,Hyderabad,Standard,Ladakh Stay 6,Ladakh,Hotel,2,Completed,15452,7726.0,2026-05
366,2026-07-13,40,Customer 040,Hyderabad,Standard,Goa Stay 5,Goa,Resort,7,Completed,25620,3660.0,2026-07
494,2025-07-19,40,Customer 040,Hyderabad,Standard,Ladakh Stay 2,Ladakh,Homestay,5,Confirmed,28230,5646.0,2025-07
500,2025-12-05,40,Customer 040,Hyderabad,Standard,Goa Stay 6,Goa,Hotel,2,Completed,9172,4586.0,2025-12
971,2025-07-22,41,Customer 041,Mumbai,Premium,Kerala Stay 8,Kerala,Resort,5,Confirmed,29145,5829.0,2025-07
1184,2026-04-17,41,Customer 041,Mumbai,Premium,Manali Stay 5,Manali,Resort,5,Completed,18445,3689.0,2026-04
110,2025-10-28,42,Customer 042,Pune,Budget,Udaipur Stay 7,Udaipur,Hotel,4,Completed,24784,6196.0,2025-10
289,2025-07-23,42,Customer 042,Pune,Budget,Kerala Stay 3,Kerala,Resort,4,Confirmed,45656,11414.0,2025-07
966,2026-03-12,42,Customer 042,Pune,Budget,Ladakh Stay 6,Ladakh,Hotel,1,Confirmed,7726,7726.0,2026-03
69,2026-02-25,43,Customer 043,Hyderabad,Standard,Kerala Stay 3,Kerala,Resort,4,Completed,45656,11414.0,2026-02
515,2025-06-24,43,Customer 043,Hyderabad,Standard,Jaipur Stay 4,Jaipur,Hotel,5,Confirmed,15425,3085.0,2025-06
219,2025-08-28,44,Customer 044,Bengaluru,Budget,Udaipur Stay 6,Udaipur,Hotel,4,Confirmed,39760,9940.0,2025-08
288,2025-11-07,44,Customer 044,Bengaluru,Budget,Varanasi Stay 4,Varanasi,Hostel,6,Completed,63366,10561.0,2025-11
557,2026-04-23,44,Customer 044,Bengaluru,Budget,Varanasi Stay 5,Varanasi,Hotel,7,Completed,37058,5294.0,2026-04
624,2026-01-30,44,Customer 044,Bengaluru,Budget,Jaipur Stay 5,Jaipur,Resort,7,Confirmed,16898,2414.0,2026-01
646,2026-04-20,44,Customer 044,Bengaluru,Budget,Ladakh Stay 4,Ladakh,Hotel,3,Confirmed,17475,5825.0,2026-04
338,2025-09-18,45,Customer 045,Delhi,Budget,Goa Stay 2,Goa,Hotel,5,Completed,38815,7763.0,2025-09
1198,2025-11-06,45,Customer 045,Delhi,Budget,Varanasi Stay 5,Varanasi,Hotel,4,Completed,21176,5294.0,2025-11
160,2026-05-06,46,Customer 046,Jaipur,Standard,Manali Stay 6,Manali,Hotel,5,Completed,37230,7446.0,2026-05
714,2025-08-15,46,Customer 046,Jaipur,Standard,Kerala Stay 8,Kerala,Resort,3,Completed,17487,5829.0,2025-08
902,2026-04-17,46,Customer 046,Jaipur,Standard,Kerala Stay 4,Kerala,Homestay,6,Completed,11562,1927.0,2026-04
153,2025-11-15,47,Customer 047,Kolkata,Premium,Jaipur Stay 6,Jaipur,Resort,6,Completed,21384,3564.0,2025-11
233,2025-08-08,48,Customer 048,Jaipur,Standard,Ladakh Stay 2,Ladakh,Homestay,3,Completed,16938,5646.0,2025-08
665,2025-08-01,48,Customer 048,Jaipur,Standard,Goa Stay 8,Goa,Resort,3,Completed,14418,4806.0,2025-08
482,2025-07-28,49,Customer 049,Hyderabad,Budget,Goa Stay 4,Goa,Resort,5,Completed,53895,10779.0,2025-07
760,2026-07-11,49,Customer 049,Hyderabad,Budget,Ladakh Stay 7,Ladakh,Resort,1,Confirmed,7673,7673.0,2026-07
1170,2025-09-22,49,Customer 049,Hyderabad,Budget,Udaipur Stay 3,Udaipur,Resort,4,Confirmed,25328,6332.0,2025-09
673,2025-12-06,50,Customer 050,Pune,Standard,Manali Stay 6,Manali,Hotel,7,Completed,52122,7446.0,2025-12
1085,2025-07-04,50,Customer 050,Pune,Standard,Kerala Stay 5,Kerala,Resort,6,Confirmed,36990,6165.0,2025-07
156,2026-06-14,52,Customer 052,Mumbai,Premium,Jaipur Stay 7,Jaipur,Hostel,6,Confirmed,27012,4502.0,2026-06
191,2025-07-19,52,Customer 052,Mumbai,Premium,Manali Stay 4,Manali,Hotel,1,Completed,10713,10713.0,2025-07
397,2025-11-25,52,Customer 052,Mumbai,Premium,Goa Stay 8,Goa,Resort,6,Completed,28836,4806.0,2025-11
718,2026-04-05,52,Customer 052,Mumbai,Premium,Varanasi Stay 8,Varanasi,Resort,5,Completed,28330,5666.0,2026-04
765,2026-04-14,52,Customer 052,Mumbai,Premium,Ladakh Stay 1,Ladakh,Hostel,3,Completed,35631,11877.0,2026-04
982,2026-05-12,52,Customer 052,Mumbai,Premium,Manali Stay 3,Manali,Hotel,7,Confirmed,73101,10443.0,2026-05
1027,2026-07-31,52,Customer 052,Mumbai,Premium,Varanasi Stay 7,Varanasi,Homestay,2,Completed,16776,8388.0,2026-07
254,2025-08-14,53,Customer 053,Bengaluru,Standard,Goa Stay 4,Goa,Resort,2,Completed,21558,10779.0,2025-08
687,2026-07-31,53,Customer 053,Bengaluru,Standard,Udaipur Stay 6,Udaipur,Hotel,2,Completed,19880,9940.0,2026-07
806,2025-07-29,53,Customer 053,Bengaluru,Standard,Jaipur Stay 2,Jaipur,Homestay,7,Completed,35238,5034.0,2025-07
973,2025-09-26,53,Customer 053,Bengaluru,Standard,Jaipur Stay 1,Jaipur,Homestay,2,Completed,20448,10224.0,2025-09
22,2026-02-02,54,Customer 054,Kolkata,Budget,Udaipur Stay 8,Udaipur,Hotel,7,Completed,65688,9384.0,2026-02
74,2025-09-09,54,Customer 054,Kolkata,Budget,Udaipur Stay 7,Udaipur,Hotel,1,Confirmed,6196,6196.0,2025-09
251,2025-08-10,54,Customer 054,Kolkata,Budget,Ladakh Stay 8,Ladakh,Hotel,3,Completed,34020,11340.0,2025-08
294,2025-08-20,54,Customer 054,Kolkata,Budget,Jaipur Stay 6,Jaipur,Resort,1,Completed,3564,3564.0,2025-08
802,2025-06-17,55,Customer 055,Kolkata,Budget,Manali Stay 8,Manali,Resort,1,Completed,9202,9202.0,2025-06
822,2026-06-15,55,Customer 055,Kolkata,Budget,Varanasi Stay 2,Varanasi,Hotel,6,Completed,69642,11607.0,2026-06
566,2025-11-11,56,Customer 056,Delhi,Budget,Ladakh Stay 4,Ladakh,Hotel,1,Confirmed,5825,5825.0,2025-11
727,2025-08-10,56,Customer 056,Delhi,Budget,Goa Stay 6,Goa,Hotel,7,Completed,32102,4586.0,2025-08
799,2026-07-16,57,Customer 057,Kolkata,Premium,Manali Stay 3,Manali,Hotel,1,Confirmed,10443,10443.0,2026-07
814,2026-01-23,57,Customer 057,Kolkata,Premium,Udaipur Stay 5,Udaipur,Homestay,5,Confirmed,52920,10584.0,2026-01
1084,2025-08-01,57,Customer 057,Kolkata,Premium,Kerala Stay 5,Kerala,Resort,4,Completed,24660,6165.0,2025-08
126,2025-12-08,58,Customer 058,Mumbai,Standard,Ladakh Stay 8,Ladakh,Hotel,1,Completed,11340,11340.0,2025-12
318,2026-02-08,58,Customer 058,Mumbai,Standard,Jaipur Stay 6,Jaipur,Resort,1,Completed,3564,3564.0,2026-02
383,2026-02-27,58,Customer 058,Mumbai,Standard,Jaipur Stay 2,Jaipur,Homestay,4,Completed,20136,5034.0,2026-02
552,2025-10-20,58,Customer 058,Mumbai,Standard,Manali Stay 6,Manali,Hotel,1,Completed,7446,7446.0,2025-10
729,2025-06-29,58,Customer 058,Mumbai,Standard,Udaipur Stay 1,Udaipur,Homestay,4,Completed,33832,8458.0,2025-06
769,2026-02-03,58,Customer 058,Mumbai,Standard,Goa Stay 1,Goa,Hostel,3,Completed,23079,7693.0,2026-02
836,2026-06-14,58,Customer 058,Mumbai,Standard,Goa Stay 8,Goa,Resort,1,Confirmed,4806,4806.0,2026-06
992,2026-03-17,58,Customer 058,Mumbai,Standard,Kerala Stay 1,Kerala,Homestay,5,Completed,45595,9119.0,2026-03
999,2026-05-17,58,Customer 058,Mumbai,Standard,Jaipur Stay 2,Jaipur,Homestay,3,Confirmed,15102,5034.0,2026-05
693,2026-03-10,59,Customer 059,Pune,Standard,Udaipur Stay 5,Udaipur,Homestay,7,Completed,74088,10584.0,2026-03
979,2026-05-11,59,Customer 059,Pune,Standard,Varanasi Stay 7,Varanasi,Homestay,6,Confirmed,50328,8388.0,2026-05
188,2025-11-04,60,Customer 060,Hyderabad,Standard,Kerala Stay 8,Kerala,Resort,7,Completed,40803,5829.0,2025-11
478,2025-09-27,60,Customer 060,Hyderabad,Standard,Manali Stay 1,Manali,Homestay,2,Confirmed,7470,3735.0,2025-09
914,2025-11-21,60,Customer 060,Hyderabad,Standard,Udaipur Stay 7,Udaipur,Hotel,5,Completed,30980,6196.0,2025-11
146,2025-09-11,61,Customer 061,Jaipur,Standard,Udaipur Stay 8,Udaipur,Hotel,4,Completed,37536,9384.0,2025-09
745,2026-04-24,61,Customer 061,Jaipur,Standard,Goa Stay 1,Goa,Hostel,5,Completed,38465,7693.0,2026-04
1071,2025-08-26,61,Customer 061,Jaipur,Standard,Goa Stay 5,Goa,Resort,3,Completed,10980,3660.0,2025-08
323,2025-09-16,62,Customer 062,Pune,Budget,Goa Stay 5,Goa,Resort,7,Completed,25620,3660.0,2025-09
1069,2026-03-16,62,Customer 062,Pune,Budget,Jaipur Stay 5,Jaipur,Resort,2,Completed,4828,2414.0,2026-03
1187,2026-03-18,62,Customer 062,Pune,Budget,Ladakh Stay 2,Ladakh,Homestay,7,Completed,39522,5646.0,2026-03
81,2026-01-04,63,Customer 063,Bengaluru,Premium,Manali Stay 8,Manali,Resort,4,Completed,36808,9202.0,2026-01
101,2025-06-19,65,Customer 065,Bengaluru,Standard,Goa Stay 2,Goa,Hotel,6,Completed,46578,7763.0,2025-06
195,2026-05-14,65,Customer 065,Bengaluru,Standard,Kerala Stay 1,Kerala,Homestay,2,Confirmed,18238,9119.0,2026-05
267,2026-02-23,65,Customer 065,Bengaluru,Standard,Udaipur Stay 2,Udaipur,Homestay,3,Completed,27771,9257.0,2026-02
801,2026-05-27,65,Customer 065,Bengaluru,Standard,Goa Stay 3,Goa,Homestay,5,Confirmed,13645,2729.0,2026-05
470,2026-02-08,66,Customer 066,Bengaluru,Standard,Varanasi Stay 8,Varanasi,Resort,5,Completed,28330,5666.0,2026-02
89,2025-09-04,67,Customer 067,Jaipur,Standard,Kerala Stay 4,Kerala,Homestay,7,Completed,13489,1927.0,2025-09
434,2026-07-04,67,Customer 067,Jaipur,Standard,Jaipur Stay 8,Jaipur,Hotel,4,Completed,7360,1840.0,2026-07
436,2026-07-10,67,Customer 067,Jaipur,Standard,Ladakh Stay 5,Ladakh,Resort,1,Completed,7628,7628.0,2026-07
420,2025-07-23,68,Customer 068,Bengaluru,Premium,Kerala Stay 1,Kerala,Homestay,6,Confirmed,54714,9119.0,2025-07
783,2025-09-11,68,Customer 068,Bengaluru,Premium,Kerala Stay 1,Kerala,Homestay,1,Completed,9119,9119.0,2025-09
48,2025-11-03,69,Customer 069,Delhi,Budget,Manali Stay 1,Manali,Homestay,7,Completed,26145,3735.0,2025-11
1086,2026-02-28,69,Customer 069,Delhi,Budget,Udaipur Stay 5,Udaipur,Homestay,3,Completed,31752,10584.0,2026-02
249,2026-01-29,70,Customer 070,Kolkata,Standard,Goa Stay 3,Goa,Homestay,3,Completed,8187,2729.0,2026-01
333,2026-02-03,70,Customer 070,Kolkata,Standard,Kerala Stay 5,Kerala,Resort,5,Completed,30825,6165.0,2026-02
797,2026-03-24,70,Customer 070,Kolkata,Standard,Varanasi Stay 4,Varanasi,Hostel,5,Confirmed,52805,10561.0,2026-03
826,2026-06-06,70,Customer 070,Kolkata,Standard,Varanasi Stay 6,Varanasi,Homestay,3,Completed,19773,6591.0,2026-06
64,2026-05-31,71,Customer 071,Pune,Standard,Ladakh Stay 5,Ladakh,Resort,6,Completed,45768,7628.0,2026-05
590,2025-09-09,71,Customer 071,Pune,Standard,Manali Stay 8,Manali,Resort,6,Confirmed,55212,9202.0,2025-09
20,2026-02-21,72,Customer 072,Mumbai,Standard,Udaipur Stay 8,Udaipur,Hotel,2,Completed,18768,9384.0,2026-02
737,2025-11-15,72,Customer 072,Mumbai,Standard,Udaipur Stay 8,Udaipur,Hotel,7,Completed,65688,9384.0,2025-11
850,2026-06-23,72,Customer 072,Mumbai,Standard,Kerala Stay 8,Kerala,Resort,7,Completed,40803,5829.0,2026-06
1057,2025-12-29,72,Customer 072,Mumbai,Standard,Kerala Stay 7,Kerala,Homestay,4,Confirmed,34020,8505.0,2025-12
1142,2026-04-29,72,Customer 072,Mumbai,Standard,Manali Stay 4,Manali,Hotel,7,Confirmed,74991,10713.0,2026-04
120,2025-10-26,73,Customer 073,Kolkata,Budget,Manali Stay 2,Manali,Resort,3,Completed,5955,1985.0,2025-10
438,2025-06-06,73,Customer 073,Kolkata,Budget,Udaipur Stay 6,Udaipur,Hotel,1,Completed,9940,9940.0,2025-06
1050,2026-04-28,73,Customer 073,Kolkata,Budget,Manali Stay 4,Manali,Hotel,5,Completed,53565,10713.0,2026-04
362,2026-01-12,74,Customer 074,Delhi,Budget,Udaipur Stay 8,Udaipur,Hotel,4,Completed,37536,9384.0,2026-01
163,2026-01-07,75,Customer 075,Hyderabad,Budget,Jaipur Stay 6,Jaipur,Resort,7,Completed,24948,3564.0,2026-01
266,2026-07-29,75,Customer 075,Hyderabad,Budget,Kerala Stay 6,Kerala,Hotel,6,Confirmed,35766,5961.0,2026-07
376,2025-07-28,75,Customer 075,Hyderabad,Budget,Varanasi Stay 7,Varanasi,Homestay,1,Completed,8388,8388.0,2025-07
428,2026-06-06,75,Customer 075,Hyderabad,Budget,Goa Stay 8,Goa,Resort,7,Completed,33642,4806.0,2026-06
781,2026-05-05,76,Customer 076,Kolkata,Budget,Jaipur Stay 8,Jaipur,Hotel,6,Confirmed,11040,1840.0,2026-05
390,2025-07-04,77,Customer 077,Bengaluru,Standard,Jaipur Stay 1,Jaipur,Homestay,4,Confirmed,40896,10224.0,2025-07
518,2025-06-26,77,Customer 077,Bengaluru,Standard,Ladakh Stay 6,Ladakh,Hotel,5,Confirmed,38630,7726.0,2025-06
653,2025-11-11,77,Customer 077,Bengaluru,Standard,Udaipur Stay 5,Udaipur,Homestay,4,Completed,42336,10584.0,2025-11
183,2026-05-26,78,Customer 078,Mumbai,Standard,Ladakh Stay 5,Ladakh,Resort,5,Completed,38140,7628.0,2026-05
205,2026-04-28,78,Customer 078,Mumbai,Standard,Udaipur Stay 8,Udaipur,Hotel,5,Completed,46920,9384.0,2026-04
701,2026-04-17,78,Customer 078,Mumbai,Standard,Jaipur Stay 4,Jaipur,Hotel,2,Completed,6170,3085.0,2026-04
1137,2026-04-24,79,Customer 079,Kolkata,Standard,Jaipur Stay 5,Jaipur,Resort,5,Confirmed,12070,2414.0,2026-04
367,2026-05-04,80,Customer 080,Hyderabad,Standard,Udaipur Stay 8,Udaipur,Hotel,2,Confirmed,18768,9384.0,2026-05
617,2025-06-15,80,Customer 080,Hyderabad,Standard,Kerala Stay 8,Kerala,Resort,3,Completed,17487,5829.0,2025-06
659,2025-06-03,80,Customer 080,Hyderabad,Standard,Udaipur Stay 2,Udaipur,Homestay,4,Completed,37028,9257.0,2025-06
868,2025-09-03,80,Customer 080,Hyderabad,Standard,Udaipur Stay 2,Udaipur,Homestay,5,Confirmed,46285,9257.0,2025-09
569,2025-07-08,81,Customer 081,Jaipur,Standard,Kerala Stay 2,Kerala,Hotel,3,Confirmed,35490,11830.0,2025-07
1025,2025-07-28,81,Customer 081,Jaipur,Standard,Ladakh Stay 8,Ladakh,Hotel,7,Completed,79380,11340.0,2025-07
508,2026-01-13,82,Customer 082,Kolkata,Budget,Goa Stay 6,Goa,Hotel,4,Completed,18344,4586.0,2026-01
955,2026-06-06,82,Customer 082,Kolkata,Budget,Goa Stay 7,Goa,Resort,7,Completed,22022,3146.0,2026-06
723,2025-12-27,83,Customer 083,Mumbai,Standard,Ladakh Stay 2,Ladakh,Homestay,1,Confirmed,5646,5646.0,2025-12
1034,2025-06-04,84,Customer 084,Pune,Budget,Goa Stay 6,Goa,Hotel,3,Completed,13758,4586.0,2025-06
1061,2025-07-29,84,Customer 084,Pune,Budget,Jaipur Stay 7,Jaipur,Hostel,6,Completed,27012,4502.0,2025-07
485,2026-05-24,85,Customer 085,Hyderabad,Budget,Ladakh Stay 1,Ladakh,Hostel,3,Completed,35631,11877.0,2026-05
950,2025-12-10,85,Customer 085,Hyderabad,Budget,Ladakh Stay 3,Ladakh,Homestay,5,Completed,41065,8213.0,2025-12
1194,2026-03-14,85,Customer 085,Hyderabad,Budget,Ladakh Stay 7,Ladakh,Resort,2,Completed,15346,7673.0,2026-03
236,2025-09-05,87,Customer 087,Delhi,Standard,Goa Stay 2,Goa,Hotel,2,Completed,15526,7763.0,2025-09
771,2026-04-23,87,Customer 087,Delhi,Standard,Varanasi Stay 5,Varanasi,Hotel,3,Completed,15882,5294.0,2026-04
631,2026-02-14,88,Customer 088,Bengaluru,Budget,Udaipur Stay 3,Udaipur,Resort,3,Confirmed,18996,6332.0,2026-02
699,2026-02-19,88,Customer 088,Bengaluru,Budget,Udaipur Stay 1,Udaipur,Homestay,7,Confirmed,59206,8458.0,2026-02
351,2025-06-20,89,Customer 089,Pune,Standard,Varanasi Stay 8,Varanasi,Resort,1,Completed,5666,5666.0,2025-06
634,2025-10-14,89,Customer 089,Pune,Standard,Manali Stay 4,Manali,Hotel,2,Confirmed,21426,10713.0,2025-10
740,2025-06-24,89,Customer 089,Pune,Standard,Goa Stay 3,Goa,Homestay,7,Confirmed,19103,2729.0,2025-06
164,2025-11-26,90,Customer 090,Pune,Standard,Udaipur Stay 6,Udaipur,Hotel,7,Completed,69580,9940.0,2025-11
211,2026-04-11,90,Customer 090,Pune,Standard,Ladakh Stay 3,Ladakh,Homestay,2,Completed,16426,8213.0,2026-04
896,2025-08-17,90,Customer 090,Pune,Standard,Manali Stay 2,Manali,Resort,6,Completed,11910,1985.0,2025-08
962,2025-09-04,90,Customer 090,Pune,Standard,Manali Stay 3,Manali,Hotel,5,Confirmed,52215,10443.0,2025-09
92,2025-07-08,91,Customer 091,Kolkata,Standard,Jaipur Stay 1,Jaipur,Homestay,4,Confirmed,40896,10224.0,2025-07
435,2025-10-09,91,Customer 091,Kolkata,Standard,Udaipur Stay 6,Udaipur,Hotel,5,Completed,49700,9940.0,2025-10
534,2025-06-16,91,Customer 091,Kolkata,Standard,Manali Stay 3,Manali,Hotel,6,Completed,62658,10443.0,2025-06
598,2025-07-23,91,Customer 091,Kolkata,Standard,Kerala Stay 5,Kerala,Resort,4,Confirmed,24660,6165.0,2025-07
1166,2026-07-18,91,Customer 091,Kolkata,Standard,Jaipur Stay 2,Jaipur,Homestay,4,Completed,20136,5034.0,2026-07
221,2025-10-26,93,Customer 093,Pune,Standard,Kerala Stay 3,Kerala,Resort,3,Completed,34242,11414.0,2025-10
886,2025-10-25,93,Customer 093,Pune,Standard,Manali Stay 2,Manali,Resort,7,Completed,13895,1985.0,2025-10
9,2025-07-29,94,Customer 094,Bengaluru,Budget,Goa Stay 7,Goa,Resort,3,Confirmed,9438,3146.0,2025-07
19,2026-04-09,94,Customer 094,Bengaluru,Budget,Ladakh Stay 3,Ladakh,Homestay,1,Completed,8213,8213.0,2026-04
358,2025-08-22,94,Customer 094,Bengaluru,Budget,Ladakh Stay 7,Ladakh,Resort,4,Completed,30692,7673.0,2025-08
750,2026-01-19,94,Customer 094,Bengaluru,Budget,Ladakh Stay 3,Ladakh,Homestay,1,Completed,8213,8213.0,2026-01
897,2026-06-18,94,Customer 094,Bengaluru,Budget,Manali Stay 2,Manali,Resort,4,Completed,7940,1985.0,2026-06
604,2025-12-31,95,Customer 095,Jaipur,Standard,Ladakh Stay 8,Ladakh,Hotel,7,Completed,79380,11340.0,2025-12
720,2026-03-17,95,Customer 095,Jaipur,Standard,Ladakh Stay 4,Ladakh,Hotel,6,Completed,34950,5825.0,2026-03
922,2025-09-26,95,Customer 095,Jaipur,Standard,Manali Stay 6,Manali,Hotel,2,Confirmed,14892,7446.0,2025-09
1017,2026-03-30,95,Customer 095,Jaipur,Standard,Kerala Stay 5,Kerala,Resort,1,Completed,6165,6165.0,2026-03
1103,2025-11-25,95,Customer 095,Jaipur,Standard,Jaipur Stay 5,Jaipur,Resort,6,Completed,14484,2414.0,2025-11
733,2025-09-05,96,Customer 096,Bengaluru,Standard,Goa Stay 5,Goa,Resort,1,Confirmed,3660,3660.0,2025-09
906,2026-03-20,96,Customer 096,Bengaluru,Standard,Kerala Stay 1,Kerala,Homestay,3,Completed,27357,9119.0,2026-03
1110,2025-06-29,96,Customer 096,Bengaluru,Standard,Manali Stay 4,Manali,Hotel,4,Completed,42852,10713.0,2025-06
1158,2026-06-05,96,Customer 096,Bengaluru,Standard,Varanasi Stay 7,Varanasi,Homestay,7,Completed,58716,8388.0,2026-06
474,2026-06-11,97,Customer 097,Mumbai,Standard,Kerala Stay 4,Kerala,Homestay,4,Completed,7708,1927.0,2026-06
585,2026-02-20,97,Customer 097,Mumbai,Standard,Kerala Stay 3,Kerala,Resort,2,Confirmed,22828,11414.0,2026-02
837,2026-03-07,97,Customer 097,Mumbai,Standard,Ladakh Stay 7,Ladakh,Resort,1,Confirmed,7673,7673.0,2026-03
942,2026-05-17,97,Customer 097,Mumbai,Standard,Varanasi Stay 6,Varanasi,Homestay,4,Confirmed,26364,6591.0,2026-05
1038,2026-03-15,97,Customer 097,Mumbai,Standard,Jaipur Stay 1,Jaipur,Homestay,1,Completed,10224,10224.0,2026-03
8,2026-03-17,98,Customer 098,Hyderabad,Standard,Varanasi Stay 5,Varanasi,Hotel,4,Completed,21176,5294.0,2026-03
154,2026-03-02,98,Customer 098,Hyderabad,Standard,Kerala Stay 8,Kerala,Resort,7,Completed,40803,5829.0,2026-03
252,2025-07-01,98,Customer 098,Hyderabad,Standard,Ladakh Stay 4,Ladakh,Hotel,2,Confirmed,11650,5825.0,2025-07
456,2026-03-25,98,Customer 098,Hyderabad,Standard,Manali Stay 4,Manali,Hotel,4,Confirmed,42852,10713.0,2026-03
386,2026-06-24,99,Customer 099,Hyderabad,Standard,Udaipur Stay 3,Udaipur,Resort,2,Confirmed,12664,6332.0,2026-06
79,2025-12-22,100,Customer 100,Delhi,Standard,Goa Stay 8,Goa,Resort,7,Confirmed,33642,4806.0,2025-12
278,2025-08-29,100,Customer 100,Delhi,Standard,Udaipur Stay 4,Udaipur,Hostel,3,Completed,8601,2867.0,2025-08
350,2026-02-27,100,Customer 100,Delhi,Standard,Varanasi Stay 3,Varanasi,Hotel,6,Confirmed,67098,11183.0,2026-02
712,2026-02-06,100,Customer 100,Delhi,Standard,Jaipur Stay 6,Jaipur,Resort,3,Completed,10692,3564.0,2026-02
1015,2026-04-18,100,Customer 100,Delhi,Standard,Kerala Stay 7,Kerala,Homestay,6,Completed,51030,8505.0,2026-04
106,2025-06-03,101,Customer 101,Pune,Standard,Udaipur Stay 2,Udaipur,Homestay,4,Completed,37028,9257.0,2025-06
928,2025-10-25,101,Customer 101,Pune,Standard,Manali Stay 8,Manali,Resort,2,Completed,18404,9202.0,2025-10
1140,2025-08-20,101,Customer 101,Pune,Standard,Varanasi Stay 8,Varanasi,Resort,7,Completed,39662,5666.0,2025-08
544,2026-03-29,102,Customer 102,Mumbai,Premium,Jaipur Stay 6,Jaipur,Resort,2,Confirmed,7128,3564.0,2026-03
697,2025-09-21,102,Customer 102,Mumbai,Premium,Jaipur Stay 8,Jaipur,Hotel,7,Completed,12880,1840.0,2025-09
1048,2025-12-05,102,Customer 102,Mumbai,Premium,Ladakh Stay 6,Ladakh,Hotel,5,Confirmed,38630,7726.0,2025-12
444,2026-04-28,103,Customer 103,Pune,Premium,Kerala Stay 4,Kerala,Homestay,7,Completed,13489,1927.0,2026-04
559,2026-06-11,103,Customer 103,Pune,Premium,Kerala Stay 2,Kerala,Hotel,1,Confirmed,11830,11830.0,2026-06
619,2025-07-11,103,Customer 103,Pune,Premium,Varanasi Stay 8,Varanasi,Resort,5,Completed,28330,5666.0,2025-07
976,2026-07-08,103,Customer 103,Pune,Premium,Udaipur Stay 5,Udaipur,Homestay,4,Completed,42336,10584.0,2026-07
412,2026-07-12,104,Customer 104,Delhi,Standard,Jaipur Stay 3,Jaipur,Resort,1,Completed,4210,4210.0,2026-07
441,2025-07-22,105,Customer 105,Pune,Standard,Manali Stay 3,Manali,Hotel,5,Confirmed,52215,10443.0,2025-07
516,2025-06-26,105,Customer 105,Pune,Standard,Udaipur Stay 3,Udaipur,Resort,6,Confirmed,37992,6332.0,2025-06
565,2026-05-11,105,Customer 105,Pune,Standard,Varanasi Stay 8,Varanasi,Resort,7,Completed,39662,5666.0,2026-05
531,2025-10-21,106,Customer 106,Pune,Standard,Manali Stay 5,Manali,Resort,1,Completed,3689,3689.0,2025-10
919,2026-01-03,106,Customer 106,Pune,Standard,Udaipur Stay 6,Udaipur,Hotel,4,Completed,39760,9940.0,2026-01
404,2025-06-19,107,Customer 107,Pune,Budget,Goa Stay 4,Goa,Resort,7,Completed,75453,10779.0,2025-06
95,2026-01-24,108,Customer 108,Hyderabad,Premium,Udaipur Stay 7,Udaipur,Hotel,4,Confirmed,24784,6196.0,2026-01
502,2025-10-23,108,Customer 108,Hyderabad,Premium,Jaipur Stay 3,Jaipur,Resort,6,Completed,25260,4210.0,2025-10
1040,2026-07-12,108,Customer 108,Hyderabad,Premium,Manali Stay 4,Manali,Hotel,6,Completed,64278,10713.0,2026-07
1014,2025-06-29,109,Customer 109,Kolkata,Standard,Ladakh Stay 4,Ladakh,Hotel,2,Completed,11650,5825.0,2025-06
414,2026-06-28,110,Customer 110,Hyderabad,Budget,Goa Stay 3,Goa,Homestay,3,Completed,8187,2729.0,2026-06
658,2025-12-17,110,Customer 110,Hyderabad,Budget,Ladakh Stay 5,Ladakh,Resort,5,Completed,38140,7628.0,2025-12
751,2026-01-04,110,Customer 110,Hyderabad,Budget,Udaipur Stay 1,Udaipur,Homestay,6,Confirmed,50748,8458.0,2026-01
847,2025-07-18,110,Customer 110,Hyderabad,Budget,Varanasi Stay 5,Varanasi,Hotel,3,Completed,15882,5294.0,2025-07
1123,2025-09-29,110,Customer 110,Hyderabad,Budget,Manali Stay 4,Manali,Hotel,2,Completed,21426,10713.0,2025-09
220,2025-10-25,111,Customer 111,Mumbai,Budget,Goa Stay 6,Goa,Hotel,3,Completed,13758,4586.0,2025-10
423,2025-07-28,111,Customer 111,Mumbai,Budget,Varanasi Stay 5,Varanasi,Hotel,1,Confirmed,5294,5294.0,2025-07
827,2026-06-07,111,Customer 111,Mumbai,Budget,Varanasi Stay 1,Varanasi,Hotel,5,Completed,27340,5468.0,2026-06
47,2025-12-12,112,Customer 112,Pune,Premium,Ladakh Stay 8,Ladakh,Hotel,4,Confirmed,45360,11340.0,2025-12
181,2025-08-23,112,Customer 112,Pune,Premium,Manali Stay 5,Manali,Resort,3,Completed,11067,3689.0,2025-08
967,2025-11-27,112,Customer 112,Pune,Premium,Ladakh Stay 5,Ladakh,Resort,2,Completed,15256,7628.0,2025-11
995,2025-06-03,112,Customer 112,Pune,Premium,Kerala Stay 8,Kerala,Resort,2,Confirmed,11658,5829.0,2025-06
58,2026-06-29,113,Customer 113,Kolkata,Budget,Varanasi Stay 6,Varanasi,Homestay,7,Completed,46137,6591.0,2026-06
743,2026-03-20,113,Customer 113,Kolkata,Budget,Manali Stay 1,Manali,Homestay,2,Confirmed,7470,3735.0,2026-03
891,2025-06-18,113,Customer 113,Kolkata,Budget,Manali Stay 1,Manali,Homestay,6,Completed,22410,3735.0,2025-06
306,2025-12-09,114,Customer 114,Kolkata,Budget,Varanasi Stay 3,Varanasi,Hotel,5,Confirmed,55915,11183.0,2025-12
1189,2026-04-12,114,Customer 114,Kolkata,Budget,Kerala Stay 8,Kerala,Resort,1,Confirmed,5829,5829.0,2026-04
76,2026-07-12,115,Customer 115,Kolkata,Budget,Goa Stay 3,Goa,Homestay,2,Completed,5458,2729.0,2026-07
524,2026-05-10,115,Customer 115,Kolkata,Budget,Udaipur Stay 5,Udaipur,Homestay,5,Completed,52920,10584.0,2026-05
597,2026-01-01,115,Customer 115,Kolkata,Budget,Manali Stay 7,Manali,Resort,4,Completed,28932,7233.0,2026-01
174,2026-05-07,116,Customer 116,Kolkata,Budget,Manali Stay 2,Manali,Resort,2,Completed,3970,1985.0,2026-05
271,2025-09-17,116,Customer 116,Kolkata,Budget,Varanasi Stay 6,Varanasi,Homestay,4,Completed,26364,6591.0,2025-09
1179,2026-03-19,116,Customer 116,Kolkata,Budget,Jaipur Stay 1,Jaipur,Homestay,4,Completed,40896,10224.0,2026-03
392,2025-06-09,117,Customer 117,Delhi,Budget,Kerala Stay 3,Kerala,Resort,1,Completed,11414,11414.0,2025-06
741,2025-06-26,117,Customer 117,Delhi,Budget,Varanasi Stay 4,Varanasi,Hostel,5,Completed,52805,10561.0,2025-06
279,2026-07-07,118,Customer 118,Delhi,Standard,Varanasi Stay 5,Varanasi,Hotel,6,Completed,31764,5294.0,2026-07
439,2025-07-01,118,Customer 118,Delhi,Standard,Goa Stay 7,Goa,Resort,5,Completed,15730,3146.0,2025-07
481,2025-11-18,118,Customer 118,Delhi,Standard,Goa Stay 7,Goa,Resort,7,Completed,22022,3146.0,2025-11
866,2025-09-30,118,Customer 118,Delhi,Standard,Kerala Stay 8,Kerala,Resort,4,Confirmed,23316,5829.0,2025-09
1067,2025-07-16,118,Customer 118,Delhi,Standard,Udaipur Stay 1,Udaipur,Homestay,3,Completed,25374,8458.0,2025-07
85,2025-08-16,119,Customer 119,Mumbai,Budget,Kerala Stay 2,Kerala,Hotel,3,Completed,35490,11830.0,2025-08
407,2026-06-25,119,Customer 119,Mumbai,Budget,Udaipur Stay 6,Udaipur,Hotel,7,Completed,69580,9940.0,2026-06
756,2025-10-23,119,Customer 119,Mumbai,Budget,Goa Stay 3,Goa,Homestay,1,Completed,2729,2729.0,2025-10
763,2026-03-11,119,Customer 119,Mumbai,Budget,Ladakh Stay 8,Ladakh,Hotel,5,Confirmed,56700,11340.0,2026-03
458,2025-07-23,120,Customer 120,Delhi,Standard,Kerala Stay 6,Kerala,Hotel,7,Confirmed,41727,5961.0,2025-07
630,2025-09-03,120,Customer 120,Delhi,Standard,Udaipur Stay 5,Udaipur,Homestay,7,Completed,74088,10584.0,2025-09
1167,2025-09-02,120,Customer 120,Delhi,Standard,Goa Stay 5,Goa,Resort,4,Confirmed,14640,3660.0,2025-09
620,2026-01-16,121,Customer 121,Kolkata,Premium,Udaipur Stay 8,Udaipur,Hotel,2,Confirmed,18768,9384.0,2026-01
719,2026-02-04,121,Customer 121,Kolkata,Premium,Goa Stay 3,Goa,Homestay,5,Completed,13645,2729.0,2026-02
757,2026-05-14,121,Customer 121,Kolkata,Premium,Manali Stay 4,Manali,Hotel,1,Completed,10713,10713.0,2026-05
1041,2026-01-30,121,Customer 121,Kolkata,Premium,Kerala Stay 7,Kerala,Homestay,2,Completed,17010,8505.0,2026-01
1097,2025-09-17,121,Customer 121,Kolkata,Premium,Ladakh Stay 8,Ladakh,Hotel,3,Confirmed,34020,11340.0,2025-09
43,2026-03-11,122,Customer 122,Hyderabad,Standard,Varanasi Stay 5,Varanasi,Hotel,5,Completed,26470,5294.0,2026-03
356,2026-01-09,122,Customer 122,Hyderabad,Standard,Ladakh Stay 4,Ladakh,Hotel,7,Completed,40775,5825.0,2026-01
734,2026-05-19,122,Customer 122,Hyderabad,Standard,Udaipur Stay 4,Udaipur,Hostel,6,Completed,17202,2867.0,2026-05
918,2026-01-31,122,Customer 122,Hyderabad,Standard,Jaipur Stay 4,Jaipur,Hotel,6,Completed,18510,3085.0,2026-01
484,2026-04-13,123,Customer 123,Hyderabad,Budget,Jaipur Stay 8,Jaipur,Hotel,3,Confirmed,5520,1840.0,2026-04
91,2025-09-29,124,Customer 124,Kolkata,Standard,Kerala Stay 6,Kerala,Hotel,1,Completed,5961,5961.0,2025-09
290,2025-06-08,125,Customer 125,Pune,Budget,Goa Stay 4,Goa,Resort,7,Confirmed,75453,10779.0,2025-06
657,2025-11-25,125,Customer 125,Pune,Budget,Udaipur Stay 6,Udaipur,Hotel,3,Confirmed,29820,9940.0,2025-11
978,2026-08-01,125,Customer 125,Pune,Budget,Manali Stay 6,Manali,Hotel,3,Completed,22338,7446.0,2026-08
1122,2026-07-25,125,Customer 125,Pune,Budget,Jaipur Stay 2,Jaipur,Homestay,2,Confirmed,10068,5034.0,2026-07
593,2026-03-24,126,Customer 126,Kolkata,Standard,Udaipur Stay 8,Udaipur,Hotel,3,Completed,28152,9384.0,2026-03
667,2025-10-11,126,Customer 126,Kolkata,Standard,Kerala Stay 7,Kerala,Homestay,3,Completed,25515,8505.0,2025-10
722,2026-03-20,126,Customer 126,Kolkata,Standard,Varanasi Stay 4,Varanasi,Hostel,7,Completed,73927,10561.0,2026-03
553,2025-06-01,127,Customer 127,Delhi,Premium,Kerala Stay 5,Kerala,Resort,4,Completed,24660,6165.0,2025-06
710,2025-12-28,127,Customer 127,Delhi,Premium,Ladakh Stay 2,Ladakh,Homestay,6,Confirmed,33876,5646.0,2025-12
853,2026-04-24,127,Customer 127,Delhi,Premium,Goa Stay 7,Goa,Resort,2,Completed,6292,3146.0,2026-04
1094,2025-08-10,127,Customer 127,Delhi,Premium,Manali Stay 7,Manali,Resort,5,Completed,36165,7233.0,2025-08
1046,2026-06-20,130,Customer 130,Hyderabad,Budget,Udaipur Stay 1,Udaipur,Homestay,2,Completed,16916,8458.0,2026-06
193,2025-07-24,131,Customer 131,Kolkata,Standard,Udaipur Stay 4,Udaipur,Hostel,4,Completed,11468,2867.0,2025-07
796,2026-07-09,131,Customer 131,Kolkata,Standard,Jaipur Stay 8,Jaipur,Hotel,7,Completed,12880,1840.0,2026-07
813,2026-07-24,131,Customer 131,Kolkata,Standard,Jaipur Stay 1,Jaipur,Homestay,4,Confirmed,40896,10224.0,2026-07
398,2026-06-28,132,Customer 132,Kolkata,Standard,Kerala Stay 6,Kerala,Hotel,7,Completed,41727,5961.0,2026-06
1191,2025-09-10,132,Customer 132,Kolkata,Standard,Kerala Stay 6,Kerala,Hotel,3,Completed,17883,5961.0,2025-09
51,2025-08-21,133,Customer 133,Delhi,Standard,Manali Stay 8,Manali,Resort,5,Completed,46010,9202.0,2025-08
310,2026-05-24,133,Customer 133,Delhi,Standard,Kerala Stay 1,Kerala,Homestay,6,Completed,54714,9119.0,2026-05
527,2025-11-19,133,Customer 133,Delhi,Standard,Jaipur Stay 6,Jaipur,Resort,5,Completed,17820,3564.0,2025-11
678,2026-05-20,133,Customer 133,Delhi,Standard,Goa Stay 1,Goa,Hostel,2,Confirmed,15386,7693.0,2026-05
709,2026-04-23,133,Customer 133,Delhi,Standard,Jaipur Stay 5,Jaipur,Resort,6,Completed,14484,2414.0,2026-04
272,2025-12-13,135,Customer 135,Pune,Budget,Udaipur Stay 5,Udaipur,Homestay,7,Confirmed,74088,10584.0,2025-12
344,2026-03-21,135,Customer 135,Pune,Budget,Kerala Stay 7,Kerala,Homestay,2,Completed,17010,8505.0,2026-03
381,2025-10-18,135,Customer 135,Pune,Budget,Kerala Stay 2,Kerala,Hotel,3,Confirmed,35490,11830.0,2025-10
413,2026-05-21,135,Customer 135,Pune,Budget,Goa Stay 8,Goa,Resort,1,Completed,4806,4806.0,2026-05
808,2026-07-02,135,Customer 135,Pune,Budget,Jaipur Stay 3,Jaipur,Resort,1,Completed,4210,4210.0,2026-07
1028,2025-11-30,135,Customer 135,Pune,Budget,Jaipur Stay 6,Jaipur,Resort,4,Completed,14256,3564.0,2025-11
248,2025-08-07,136,Customer 136,Bengaluru,Budget,Udaipur Stay 2,Udaipur,Homestay,3,Completed,27771,9257.0,2025-08
521,2026-05-27,136,Customer 136,Bengaluru,Budget,Kerala Stay 3,Kerala,Resort,5,Completed,57070,11414.0,2026-05
695,2026-05-27,136,Customer 136,Bengaluru,Budget,Manali Stay 2,Manali,Resort,2,Completed,3970,1985.0,2026-05
1112,2025-08-22,136,Customer 136,Bengaluru,Budget,Jaipur Stay 4,Jaipur,Hotel,7,Confirmed,21595,3085.0,2025-08
5,2025-12-23,138,Customer 138,Delhi,Budget,Goa Stay 8,Goa,Resort,2,Completed,9612,4806.0,2025-12
446,2025-10-19,138,Customer 138,Delhi,Budget,Manali Stay 2,Manali,Resort,3,Completed,5955,1985.0,2025-10
523,2026-02-23,139,Customer 139,Bengaluru,Budget,Varanasi Stay 5,Varanasi,Hotel,6,Confirmed,31764,5294.0,2026-02
582,2025-06-26,139,Customer 139,Bengaluru,Budget,Manali Stay 4,Manali,Hotel,3,Completed,32139,10713.0,2025-06
1186,2025-12-14,139,Customer 139,Bengaluru,Budget,Manali Stay 1,Manali,Homestay,1,Completed,3735,3735.0,2025-12
411,2025-07-02,140,Customer 140,Kolkata,Premium,Jaipur Stay 1,Jaipur,Homestay,7,Completed,71568,10224.0,2025-07
425,2026-04-20,140,Customer 140,Kolkata,Premium,Jaipur Stay 6,Jaipur,Resort,2,Completed,7128,3564.0,2026-04
496,2025-09-22,140,Customer 140,Kolkata,Premium,Kerala Stay 6,Kerala,Hotel,4,Completed,23844,5961.0,2025-09
137,2025-11-07,141,Customer 141,Jaipur,Premium,Kerala Stay 8,Kerala,Resort,3,Completed,17487,5829.0,2025-11
459,2026-04-02,141,Customer 141,Jaipur,Premium,Jaipur Stay 4,Jaipur,Hotel,4,Confirmed,12340,3085.0,2026-04
936,2026-03-22,141,Customer 141,Jaipur,Premium,Manali Stay 6,Manali,Hotel,1,Completed,7446,7446.0,2026-03
567,2026-04-07,142,Customer 142,Mumbai,Standard,Jaipur Stay 5,Jaipur,Resort,2,Completed,4828,2414.0,2026-04
1181,2025-09-18,142,Customer 142,Mumbai,Standard,Varanasi Stay 2,Varanasi,Hotel,3,Completed,34821,11607.0,2025-09
187,2026-07-07,143,Customer 143,Mumbai,Premium,Goa Stay 1,Goa,Hostel,1,Completed,7693,7693.0,2026-07
166,2025-07-28,144,Customer 144,Bengaluru,Premium,Kerala Stay 1,Kerala,Homestay,4,Completed,36476,9119.0,2025-07
228,2026-04-23,144,Customer 144,Bengaluru,Premium,Kerala Stay 2,Kerala,Hotel,1,Completed,11830,11830.0,2026-04
349,2025-10-18,144,Customer 144,Bengaluru,Premium,Jaipur Stay 2,Jaipur,Homestay,4,Confirmed,20136,5034.0,2025-10
545,2025-06-10,145,Customer 145,Jaipur,Budget,Goa Stay 1,Goa,Hostel,2,Completed,15386,7693.0,2025-06
831,2026-04-09,146,Customer 146,Pune,Standard,Kerala Stay 5,Kerala,Resort,3,Completed,18495,6165.0,2026-04
73,2025-06-17,147,Customer 147,Delhi,Standard,Jaipur Stay 1,Jaipur,Homestay,3,Confirmed,30672,10224.0,2025-06
223,2025-06-07,147,Customer 147,Delhi,Standard,Jaipur Stay 8,Jaipur,Hotel,4,Completed,7360,1840.0,2025-06
319,2026-01-18,147,Customer 147,Delhi,Standard,Udaipur Stay 4,Udaipur,Hostel,6,Completed,17202,2867.0,2026-01
784,2026-01-08,147,Customer 147,Delhi,Standard,Jaipur Stay 6,Jaipur,Resort,2,Completed,7128,3564.0,2026-01
86,2026-04-25,148,Customer 148,Mumbai,Budget,Varanasi Stay 6,Varanasi,Homestay,3,Confirmed,19773,6591.0,2026-04
208,2025-06-20,148,Customer 148,Mumbai,Budget,Kerala Stay 5,Kerala,Resort,6,Completed,36990,6165.0,2025-06
842,2026-06-12,148,Customer 148,Mumbai,Budget,Goa Stay 7,Goa,Resort,4,Completed,12584,3146.0,2026-06
871,2026-02-01,148,Customer 148,Mumbai,Budget,Jaipur Stay 8,Jaipur,Hotel,6,Confirmed,11040,1840.0,2026-02
805,2026-07-17,149,Customer 149,Pune,Standard,Udaipur Stay 3,Udaipur,Resort,4,Completed,25328,6332.0,2026-07
1033,2026-02-12,149,Customer 149,Pune,Standard,Jaipur Stay 5,Jaipur,Resort,4,Completed,9656,2414.0,2026-02
29,2026-07-18,150,Customer 150,Delhi,Standard,Kerala Stay 8,Kerala,Resort,2,Completed,11658,5829.0,2026-07
958,2025-12-24,150,Customer 150,Delhi,Standard,Manali Stay 4,Manali,Hotel,2,Completed,21426,10713.0,2025-12
563,2026-03-11,151,Customer 151,Pune,Standard,Jaipur Stay 1,Jaipur,Homestay,4,Confirmed,40896,10224.0,2026-03
1149,2025-09-08,151,Customer 151,Pune,Standard,Udaipur Stay 8,Udaipur,Hotel,7,Completed,65688,9384.0,2025-09
329,2026-03-15,152,Customer 152,Mumbai,Budget,Kerala Stay 6,Kerala,Hotel,6,Completed,35766,5961.0,2026-03
586,2026-04-03,152,Customer 152,Mumbai,Budget,Goa Stay 4,Goa,Resort,6,Confirmed,64674,10779.0,2026-04
533,2026-07-29,153,Customer 153,Jaipur,Budget,Kerala Stay 5,Kerala,Resort,2,Completed,12330,6165.0,2026-07
107,2025-11-07,154,Customer 154,Bengaluru,Premium,Udaipur Stay 7,Udaipur,Hotel,5,Completed,30980,6196.0,2025-11
437,2025-09-20,154,Customer 154,Bengaluru,Premium,Udaipur Stay 1,Udaipur,Homestay,1,Completed,8458,8458.0,2025-09
210,2025-11-08,155,Customer 155,Kolkata,Budget,Goa Stay 4,Goa,Resort,5,Confirmed,53895,10779.0,2025-11
216,2025-09-15,156,Customer 156,Hyderabad,Budget,Goa Stay 8,Goa,Resort,3,Completed,14418,4806.0,2025-09
596,2025-10-08,156,Customer 156,Hyderabad,Budget,Kerala Stay 3,Kerala,Resort,5,Completed,57070,11414.0,2025-10
715,2026-06-01,156,Customer 156,Hyderabad,Budget,Goa Stay 7,Goa,Resort,7,Completed,22022,3146.0,2026-06
721,2025-08-30,156,Customer 156,Hyderabad,Budget,Udaipur Stay 2,Udaipur,Homestay,7,Completed,64799,9257.0,2025-08
477,2025-06-02,157,Customer 157,Delhi,Budget,Manali Stay 6,Manali,Hotel,2,Completed,14892,7446.0,2025-06
506,2026-02-19,157,Customer 157,Delhi,Budget,Kerala Stay 8,Kerala,Resort,5,Confirmed,29145,5829.0,2026-02
595,2026-02-17,157,Customer 157,Delhi,Budget,Ladakh Stay 3,Ladakh,Homestay,1,Completed,8213,8213.0,2026-02
88,2025-09-10,158,Customer 158,Kolkata,Standard,Manali Stay 3,Manali,Hotel,6,Confirmed,62658,10443.0,2025-09
261,2026-02-20,158,Customer 158,Kolkata,Standard,Ladakh Stay 4,Ladakh,Hotel,6,Confirmed,34950,5825.0,2026-02
676,2026-02-19,158,Customer 158,Kolkata,Standard,Kerala Stay 8,Kerala,Resort,5,Completed,29145,5829.0,2026-02
322,2025-10-11,159,Customer 159,Kolkata,Standard,Varanasi Stay 4,Varanasi,Hostel,3,Confirmed,31683,10561.0,2025-10
708,2026-03-10,159,Customer 159,Kolkata,Standard,Udaipur Stay 4,Udaipur,Hostel,5,Completed,14335,2867.0,2026-03
40,2026-05-10,160,Customer 160,Pune,Standard,Kerala Stay 2,Kerala,Hotel,1,Completed,11830,11830.0,2026-05
440,2025-09-21,160,Customer 160,Pune,Standard,Ladakh Stay 5,Ladakh,Resort,7,Completed,53396,7628.0,2025-09
669,2026-04-01,160,Customer 160,Pune,Standard,Jaipur Stay 7,Jaipur,Hostel,1,Completed,4502,4502.0,2026-04
713,2025-10-29,160,Customer 160,Pune,Standard,Manali Stay 7,Manali,Resort,6,Completed,43398,7233.0,2025-10
901,2026-06-22,160,Customer 160,Pune,Standard,Ladakh Stay 4,Ladakh,Hotel,6,Completed,34950,5825.0,2026-06
402,2025-10-09,161,Customer 161,Jaipur,Budget,Manali Stay 4,Manali,Hotel,6,Completed,64278,10713.0,2025-10
698,2025-08-23,161,Customer 161,Jaipur,Budget,Udaipur Stay 6,Udaipur,Hotel,5,Confirmed,49700,9940.0,2025-08
14,2026-01-11,162,Customer 162,Hyderabad,Budget,Kerala Stay 7,Kerala,Homestay,2,Completed,17010,8505.0,2026-01
672,2026-06-09,162,Customer 162,Hyderabad,Budget,Goa Stay 4,Goa,Resort,5,Completed,53895,10779.0,2026-06
1019,2026-05-10,162,Customer 162,Hyderabad,Budget,Kerala Stay 4,Kerala,Homestay,1,Completed,1927,1927.0,2026-05
192,2026-02-22,163,Customer 163,Bengaluru,Premium,Kerala Stay 1,Kerala,Homestay,7,Completed,63833,9119.0,2026-02
286,2026-05-10,164,Customer 164,Bengaluru,Standard,Udaipur Stay 4,Udaipur,Hostel,2,Completed,5734,2867.0,2026-05
287,2025-10-25,164,Customer 164,Bengaluru,Standard,Jaipur Stay 2,Jaipur,Homestay,7,Confirmed,35238,5034.0,2025-10
592,2026-01-18,164,Customer 164,Bengaluru,Standard,Kerala Stay 8,Kerala,Resort,1,Completed,5829,5829.0,2026-01
1116,2026-04-17,164,Customer 164,Bengaluru,Standard,Goa Stay 7,Goa,Resort,7,Completed,22022,3146.0,2026-04
12,2026-07-10,165,Customer 165,Bengaluru,Standard,Jaipur Stay 8,Jaipur,Hotel,3,Completed,5520,1840.0,2026-07
99,2026-02-24,165,Customer 165,Bengaluru,Standard,Goa Stay 5,Goa,Resort,2,Confirmed,7320,3660.0,2026-02
682,2025-12-22,165,Customer 165,Bengaluru,Standard,Varanasi Stay 1,Varanasi,Hotel,3,Confirmed,16404,5468.0,2025-12
1138,2025-08-28,165,Customer 165,Bengaluru,Standard,Manali Stay 7,Manali,Resort,4,Completed,28932,7233.0,2025-08
661,2026-05-26,166,Customer 166,Pune,Standard,Manali Stay 8,Manali,Resort,1,Completed,9202,9202.0,2026-05
283,2026-06-08,167,Customer 167,Bengaluru,Standard,Ladakh Stay 5,Ladakh,Resort,1,Confirmed,7628,7628.0,2026-06
371,2026-04-21,167,Customer 167,Bengaluru,Standard,Kerala Stay 3,Kerala,Resort,6,Completed,68484,11414.0,2026-04
980,2025-07-16,167,Customer 167,Bengaluru,Standard,Varanasi Stay 4,Varanasi,Hostel,4,Completed,42244,10561.0,2025-07
1047,2025-11-30,167,Customer 167,Bengaluru,Standard,Manali Stay 2,Manali,Resort,7,Confirmed,13895,1985.0,2025-11
644,2025-12-08,168,Customer 168,Mumbai,Budget,Jaipur Stay 3,Jaipur,Resort,1,Completed,4210,4210.0,2025-12
300,2026-05-03,169,Customer 169,Bengaluru,Standard,Udaipur Stay 5,Udaipur,Homestay,2,Completed,21168,10584.0,2026-05
1081,2026-02-18,169,Customer 169,Bengaluru,Standard,Ladakh Stay 8,Ladakh,Hotel,2,Completed,22680,11340.0,2026-02
218,2025-09-12,170,Customer 170,Delhi,Standard,Kerala Stay 3,Kerala,Resort,6,Confirmed,68484,11414.0,2025-09
13,2026-05-18,171,Customer 171,Delhi,Budget,Jaipur Stay 6,Jaipur,Resort,6,Confirmed,21384,3564.0,2026-05
1088,2025-06-26,171,Customer 171,Delhi,Budget,Goa Stay 7,Goa,Resort,1,Confirmed,3146,3146.0,2025-06
674,2025-12-25,172,Customer 172,Delhi,Premium,Ladakh Stay 8,Ladakh,Hotel,3,Confirmed,34020,11340.0,2025-12
235,2026-08-02,173,Customer 173,Pune,Standard,Manali Stay 4,Manali,Hotel,4,Completed,42852,10713.0,2026-08
159,2026-02-05,174,Customer 174,Pune,Standard,Varanasi Stay 7,Varanasi,Homestay,2,Confirmed,16776,8388.0,2026-02
664,2026-07-02,174,Customer 174,Pune,Standard,Goa Stay 6,Goa,Hotel,1,Completed,4586,4586.0,2026-07
1127,2026-01-06,174,Customer 174,Pune,Standard,Goa Stay 8,Goa,Resort,6,Confirmed,28836,4806.0,2026-01
355,2026-02-17,175,Customer 175,Hyderabad,Premium,Goa Stay 4,Goa,Resort,7,Completed,75453,10779.0,2026-02
573,2026-05-26,175,Customer 175,Hyderabad,Premium,Manali Stay 8,Manali,Resort,5,Completed,46010,9202.0,2026-05
811,2025-12-26,175,Customer 175,Hyderabad,Premium,Manali Stay 1,Manali,Homestay,1,Confirmed,3735,3735.0,2025-12
845,2025-06-28,175,Customer 175,Hyderabad,Premium,Varanasi Stay 3,Varanasi,Hotel,6,Completed,67098,11183.0,2025-06
986,2025-11-01,175,Customer 175,Hyderabad,Premium,Goa Stay 8,Goa,Resort,5,Confirmed,24030,4806.0,2025-11
1065,2025-12-05,175,Customer 175,Hyderabad,Premium,Varanasi Stay 5,Varanasi,Hotel,5,Completed,26470,5294.0,2025-12
298,2026-07-09,176,Customer 176,Kolkata,Standard,Kerala Stay 6,Kerala,Hotel,5,Completed,29805,5961.0,2026-07
921,2026-03-16,176,Customer 176,Kolkata,Standard,Jaipur Stay 3,Jaipur,Resort,6,Completed,25260,4210.0,2026-03
1073,2026-02-09,176,Customer 176,Kolkata,Standard,Manali Stay 1,Manali,Homestay,5,Completed,18675,3735.0,2026-02
62,2026-01-21,177,Customer 177,Pune,Premium,Varanasi Stay 7,Varanasi,Homestay,1,Completed,8388,8388.0,2026-01
227,2026-05-24,177,Customer 177,Pune,Premium,Ladakh Stay 2,Ladakh,Homestay,7,Confirmed,39522,5646.0,2026-05
1172,2025-10-22,177,Customer 177,Pune,Premium,Udaipur Stay 3,Udaipur,Resort,2,Confirmed,12664,6332.0,2025-10
461,2025-06-13,178,Customer 178,Mumbai,Standard,Kerala Stay 8,Kerala,Resort,1,Confirmed,5829,5829.0,2025-06
852,2025-12-07,178,Customer 178,Mumbai,Standard,Manali Stay 3,Manali,Hotel,1,Completed,10443,10443.0,2025-12
991,2025-09-22,178,Customer 178,Mumbai,Standard,Varanasi Stay 2,Varanasi,Hotel,2,Confirmed,23214,11607.0,2025-09
1145,2026-05-16,178,Customer 178,Mumbai,Standard,Ladakh Stay 5,Ladakh,Resort,6,Confirmed,45768,7628.0,2026-05
1156,2026-01-26,178,Customer 178,Mumbai,Standard,Udaipur Stay 7,Udaipur,Hotel,2,Completed,12392,6196.0,2026-01
162,2026-02-02,179,Customer 179,Jaipur,Premium,Jaipur Stay 8,Jaipur,Hotel,2,Completed,3680,1840.0,2026-02
807,2026-06-10,179,Customer 179,Jaipur,Premium,Goa Stay 7,Goa,Resort,7,Confirmed,22022,3146.0,2026-06
903,2025-06-27,179,Customer 179,Jaipur,Premium,Udaipur Stay 6,Udaipur,Hotel,3,Confirmed,29820,9940.0,2025-06
785,2025-09-12,180,Customer 180,Kolkata,Budget,Ladakh Stay 6,Ladakh,Hotel,2,Completed,15452,7726.0,2025-09
26,2025-11-17,181,Customer 181,Jaipur,Standard,Kerala Stay 6,Kerala,Hotel,4,Completed,23844,5961.0,2025-11
112,2026-03-02,181,Customer 181,Jaipur,Standard,Kerala Stay 8,Kerala,Resort,5,Completed,29145,5829.0,2026-03
147,2026-01-31,181,Customer 181,Jaipur,Standard,Jaipur Stay 1,Jaipur,Homestay,6,Completed,61344,10224.0,2026-01
230,2026-04-25,181,Customer 181,Jaipur,Standard,Kerala Stay 8,Kerala,Resort,4,Confirmed,23316,5829.0,2026-04
304,2026-03-07,181,Customer 181,Jaipur,Standard,Varanasi Stay 7,Varanasi,Homestay,7,Completed,58716,8388.0,2026-03
15,2025-07-16,182,Customer 182,Mumbai,Standard,Goa Stay 1,Goa,Hostel,6,Completed,46158,7693.0,2025-07
80,2026-04-02,182,Customer 182,Mumbai,Standard,Jaipur Stay 7,Jaipur,Hostel,6,Completed,27012,4502.0,2026-04
377,2025-08-30,182,Customer 182,Mumbai,Standard,Jaipur Stay 8,Jaipur,Hotel,4,Completed,7360,1840.0,2025-08
636,2026-01-18,182,Customer 182,Mumbai,Standard,Manali Stay 6,Manali,Hotel,6,Completed,44676,7446.0,2026-01
280,2026-06-30,183,Customer 183,Kolkata,Budget,Goa Stay 5,Goa,Resort,5,Completed,18300,3660.0,2026-06
124,2025-11-23,184,Customer 184,Hyderabad,Standard,Varanasi Stay 3,Varanasi,Hotel,1,Confirmed,11183,11183.0,2025-11
637,2025-09-05,184,Customer 184,Hyderabad,Standard,Udaipur Stay 2,Udaipur,Homestay,7,Confirmed,64799,9257.0,2025-09
1124,2025-06-07,184,Customer 184,Hyderabad,Standard,Kerala Stay 6,Kerala,Hotel,6,Completed,35766,5961.0,2025-06
71,2025-11-03,185,Customer 185,Kolkata,Premium,Varanasi Stay 1,Varanasi,Hotel,3,Completed,16404,5468.0,2025-11
575,2026-05-12,185,Customer 185,Kolkata,Premium,Varanasi Stay 3,Varanasi,Hotel,2,Confirmed,22366,11183.0,2026-05
725,2025-08-25,185,Customer 185,Kolkata,Premium,Varanasi Stay 3,Varanasi,Hotel,2,Completed,22366,11183.0,2025-08
1119,2026-02-25,185,Customer 185,Kolkata,Premium,Kerala Stay 7,Kerala,Homestay,5,Confirmed,42525,8505.0,2026-02
117,2025-10-08,186,Customer 186,Kolkata,Standard,Goa Stay 3,Goa,Homestay,5,Completed,13645,2729.0,2025-10
803,2026-02-22,186,Customer 186,Kolkata,Standard,Manali Stay 4,Manali,Hotel,6,Completed,64278,10713.0,2026-02
876,2026-01-10,186,Customer 186,Kolkata,Standard,Goa Stay 8,Goa,Resort,7,Confirmed,33642,4806.0,2026-01
453,2026-05-26,187,Customer 187,Mumbai,Budget,Manali Stay 1,Manali,Homestay,1,Completed,3735,3735.0,2026-05
707,2025-09-29,187,Customer 187,Mumbai,Budget,Goa Stay 6,Goa,Hotel,6,Completed,27516,4586.0,2025-09
782,2025-10-05,187,Customer 187,Mumbai,Budget,Goa Stay 3,Goa,Homestay,5,Completed,13645,2729.0,2025-10
430,2025-11-09,188,Customer 188,Bengaluru,Budget,Goa Stay 7,Goa,Resort,4,Completed,12584,3146.0,2025-11
864,2025-11-09,188,Customer 188,Bengaluru,Budget,Manali Stay 7,Manali,Resort,4,Completed,28932,7233.0,2025-11
1113,2025-10-11,188,Customer 188,Bengaluru,Budget,Goa Stay 3,Goa,Homestay,1,Completed,2729,2729.0,2025-10
1117,2025-11-18,188,Customer 188,Bengaluru,Budget,Udaipur Stay 2,Udaipur,Homestay,6,Completed,55542,9257.0,2025-11
131,2026-03-09,189,Customer 189,Mumbai,Budget,Jaipur Stay 8,Jaipur,Hotel,3,Completed,5520,1840.0,2026-03
860,2025-10-28,189,Customer 189,Mumbai,Budget,Udaipur Stay 5,Udaipur,Homestay,1,Completed,10584,10584.0,2025-10
1036,2026-06-14,189,Customer 189,Mumbai,Budget,Ladakh Stay 8,Ladakh,Hotel,7,Completed,79380,11340.0,2026-06
1074,2025-10-13,189,Customer 189,Mumbai,Budget,Manali Stay 2,Manali,Resort,7,Completed,13895,1985.0,2025-10
116,2025-10-25,190,Customer 190,Bengaluru,Budget,Jaipur Stay 4,Jaipur,Hotel,2,Completed,6170,3085.0,2025-10
800,2025-06-15,190,Customer 190,Bengaluru,Budget,Jaipur Stay 2,Jaipur,Homestay,2,Completed,10068,5034.0,2025-06
368,2025-07-24,191,Customer 191,Hyderabad,Premium,Ladakh Stay 4,Ladakh,Hotel,2,Confirmed,11650,5825.0,2025-07
564,2025-11-07,191,Customer 191,Hyderabad,Premium,Udaipur Stay 7,Udaipur,Hotel,4,Confirmed,24784,6196.0,2025-11
633,2026-05-05,191,Customer 191,Hyderabad,Premium,Jaipur Stay 7,Jaipur,Hostel,1,Confirmed,4502,4502.0,2026-05
927,2025-09-14,191,Customer 191,Hyderabad,Premium,Ladakh Stay 2,Ladakh,Homestay,5,Completed,28230,5646.0,2025-09
952,2026-07-18,191,Customer 191,Hyderabad,Premium,Udaipur Stay 1,Udaipur,Homestay,6,Completed,50748,8458.0,2026-07
960,2025-11-21,191,Customer 191,Hyderabad,Premium,Manali Stay 3,Manali,Hotel,1,Completed,10443,10443.0,2025-11
6,2025-06-25,192,Customer 192,Hyderabad,Standard,Kerala Stay 6,Kerala,Hotel,4,Completed,23844,5961.0,2025-06
360,2026-03-02,193,Customer 193,Hyderabad,Budget,Manali Stay 8,Manali,Resort,5,Completed,46010,9202.0,2026-03
522,2026-06-01,193,Customer 193,Hyderabad,Budget,Manali Stay 7,Manali,Resort,5,Completed,36165,7233.0,2026-06
758,2025-06-20,194,Customer 194,Bengaluru,Standard,Manali Stay 3,Manali,Hotel,1,Completed,10443,10443.0,2025-06
883,2026-07-26,194,Customer 194,Bengaluru,Standard,Jaipur Stay 3,Jaipur,Resort,1,Completed,4210,4210.0,2026-07
409,2026-01-13,196,Customer 196,Delhi,Budget,Manali Stay 4,Manali,Hotel,2,Completed,21426,10713.0,2026-01
1013,2026-06-07,196,Customer 196,Delhi,Budget,Goa Stay 5,Goa,Resort,7,Completed,25620,3660.0,2026-06
1076,2025-10-14,196,Customer 196,Delhi,Budget,Kerala Stay 6,Kerala,Hotel,3,Confirmed,17883,5961.0,2025-10
1101,2026-07-22,196,Customer 196,Delhi,Budget,Ladakh Stay 4,Ladakh,Hotel,6,Completed,34950,5825.0,2026-07
442,2025-12-20,197,Customer 197,Bengaluru,Standard,Kerala Stay 1,Kerala,Homestay,2,Completed,18238,9119.0,2025-12
972,2026-03-05,197,Customer 197,Bengaluru,Standard,Udaipur Stay 4,Udaipur,Hostel,3,Completed,8601,2867.0,2026-03
1090,2025-10-20,197,Customer 197,Bengaluru,Standard,Kerala Stay 7,Kerala,Homestay,4,Completed,34020,8505.0,2025-10
652,2026-01-11,198,Customer 198,Delhi,Standard,Goa Stay 8,Goa,Resort,3,Completed,14418,4806.0,2026-01
520,2025-06-03,200,Customer 200,Jaipur,Standard,Goa Stay 1,Goa,Hostel,2,Completed,15386,7693.0,2025-06
965,2026-02-21,200,Customer 200,Jaipur,Standard,Varanasi Stay 8,Varanasi,Resort,1,Confirmed,5666,5666.0,2026-02
139,2026-07-22,201,Customer 201,Bengaluru,Standard,Udaipur Stay 1,Udaipur,Homestay,3,Completed,25374,8458.0,2026-07
726,2025-09-08,202,Customer 202,Jaipur,Standard,Goa Stay 8,Goa,Resort,5,Completed,24030,4806.0,2025-09
269,2026-06-04,203,Customer 203,Kolkata,Premium,Varanasi Stay 1,Varanasi,Hotel,3,Confirmed,16404,5468.0,2026-06
401,2025-11-08,203,Customer 203,Kolkata,Premium,Varanasi Stay 6,Varanasi,Homestay,2,Completed,13182,6591.0,2025-11
913,2025-09-14,203,Customer 203,Kolkata,Premium,Varanasi Stay 3,Varanasi,Hotel,2,Completed,22366,11183.0,2025-09
974,2025-09-26,203,Customer 203,Kolkata,Premium,Goa Stay 2,Goa,Hotel,1,Completed,7763,7763.0,2025-09
990,2026-07-09,203,Customer 203,Kolkata,Premium,Goa Stay 8,Goa,Resort,3,Completed,14418,4806.0,2026-07
372,2025-06-11,205,Customer 205,Kolkata,Premium,Manali Stay 3,Manali,Hotel,6,Completed,62658,10443.0,2025-06
790,2025-11-25,205,Customer 205,Kolkata,Premium,Kerala Stay 7,Kerala,Homestay,2,Completed,17010,8505.0,2025-11
1003,2026-05-29,205,Customer 205,Kolkata,Premium,Jaipur Stay 8,Jaipur,Hotel,5,Completed,9200,1840.0,2026-05
1168,2026-01-02,205,Customer 205,Kolkata,Premium,Ladakh Stay 4,Ladakh,Hotel,3,Completed,17475,5825.0,2026-01
258,2026-07-05,206,Customer 206,Mumbai,Standard,Manali Stay 7,Manali,Resort,2,Confirmed,14466,7233.0,2026-07
317,2026-02-09,206,Customer 206,Mumbai,Standard,Kerala Stay 2,Kerala,Hotel,2,Completed,23660,11830.0,2026-02
683,2026-02-04,206,Customer 206,Mumbai,Standard,Varanasi Stay 2,Varanasi,Hotel,2,Completed,23214,11607.0,2026-02
487,2026-07-13,207,Customer 207,Pune,Premium,Udaipur Stay 1,Udaipur,Homestay,3,Confirmed,25374,8458.0,2026-07
613,2026-07-02,207,Customer 207,Pune,Premium,Kerala Stay 5,Kerala,Resort,6,Completed,36990,6165.0,2026-07
677,2025-08-05,207,Customer 207,Pune,Premium,Kerala Stay 6,Kerala,Hotel,5,Completed,29805,5961.0,2025-08
917,2026-04-29,207,Customer 207,Pune,Premium,Varanasi Stay 2,Varanasi,Hotel,3,Completed,34821,11607.0,2026-04
989,2025-07-02,207,Customer 207,Pune,Premium,Goa Stay 6,Goa,Hotel,2,Completed,9172,4586.0,2025-07
341,2025-09-07,208,Customer 208,Jaipur,Budget,Varanasi Stay 2,Varanasi,Hotel,4,Completed,46428,11607.0,2025-09
616,2026-06-22,208,Customer 208,Jaipur,Budget,Ladakh Stay 3,Ladakh,Homestay,1,Completed,8213,8213.0,2026-06
645,2026-04-26,209,Customer 209,Mumbai,Standard,Goa Stay 8,Goa,Resort,5,Completed,24030,4806.0,2026-04
16,2026-04-15,210,Customer 210,Pune,Standard,Udaipur Stay 2,Udaipur,Homestay,3,Completed,27771,9257.0,2026-04
1000,2025-12-19,210,Customer 210,Pune,Standard,Ladakh Stay 4,Ladakh,Hotel,5,Completed,29125,5825.0,2025-12
121,2025-10-26,211,Customer 211,Mumbai,Standard,Manali Stay 5,Manali,Resort,2,Confirmed,7378,3689.0,2025-10
141,2026-07-23,211,Customer 211,Mumbai,Standard,Udaipur Stay 7,Udaipur,Hotel,7,Completed,43372,6196.0,2026-07
612,2025-11-21,211,Customer 211,Mumbai,Standard,Ladakh Stay 8,Ladakh,Hotel,1,Completed,11340,11340.0,2025-11
1009,2026-03-25,211,Customer 211,Mumbai,Standard,Kerala Stay 7,Kerala,Homestay,6,Completed,51030,8505.0,2026-03
296,2026-04-13,212,Customer 212,Pune,Standard,Udaipur Stay 7,Udaipur,Hotel,5,Confirmed,30980,6196.0,2026-04
335,2025-12-02,212,Customer 212,Pune,Standard,Jaipur Stay 8,Jaipur,Hotel,2,Confirmed,3680,1840.0,2025-12
577,2025-10-12,212,Customer 212,Pune,Standard,Kerala Stay 4,Kerala,Homestay,6,Completed,11562,1927.0,2025-10
830,2026-06-09,212,Customer 212,Pune,Standard,Jaipur Stay 3,Jaipur,Resort,6,Completed,25260,4210.0,2026-06
1121,2025-11-29,212,Customer 212,Pune,Standard,Udaipur Stay 1,Udaipur,Homestay,2,Confirmed,16916,8458.0,2025-11
38,2025-10-02,213,Customer 213,Pune,Premium,Kerala Stay 1,Kerala,Homestay,5,Completed,45595,9119.0,2025-10
108,2026-07-06,213,Customer 213,Pune,Premium,Jaipur Stay 3,Jaipur,Resort,5,Completed,21050,4210.0,2026-07
209,2026-02-13,213,Customer 213,Pune,Premium,Goa Stay 5,Goa,Resort,6,Completed,21960,3660.0,2026-02
730,2025-06-30,213,Customer 213,Pune,Premium,Ladakh Stay 6,Ladakh,Hotel,6,Confirmed,46356,7726.0,2025-06
23,2026-04-06,214,Customer 214,Kolkata,Premium,Kerala Stay 6,Kerala,Hotel,2,Completed,11922,5961.0,2026-04
666,2025-07-24,215,Customer 215,Pune,Budget,Jaipur Stay 1,Jaipur,Homestay,2,Completed,20448,10224.0,2025-07
892,2026-01-06,215,Customer 215,Pune,Budget,Ladakh Stay 4,Ladakh,Hotel,5,Completed,29125,5825.0,2026-01
98,2026-04-04,216,Customer 216,Mumbai,Standard,Udaipur Stay 3,Udaipur,Resort,4,Completed,25328,6332.0,2026-04
256,2026-03-01,216,Customer 216,Mumbai,Standard,Udaipur Stay 5,Udaipur,Homestay,2,Completed,21168,10584.0,2026-03
284,2026-01-12,216,Customer 216,Mumbai,Standard,Goa Stay 7,Goa,Resort,7,Confirmed,22022,3146.0,2026-01
460,2026-05-11,216,Customer 216,Mumbai,Standard,Ladakh Stay 8,Ladakh,Hotel,4,Completed,45360,11340.0,2026-05
780,2025-06-15,216,Customer 216,Mumbai,Standard,Udaipur Stay 6,Udaipur,Hotel,6,Confirmed,59640,9940.0,2025-06
844,2025-12-21,216,Customer 216,Mumbai,Standard,Jaipur Stay 4,Jaipur,Hotel,3,Completed,9255,3085.0,2025-12
941,2025-07-05,216,Customer 216,Mumbai,Standard,Jaipur Stay 4,Jaipur,Hotel,2,Completed,6170,3085.0,2025-07
1109,2026-04-17,216,Customer 216,Mumbai,Standard,Kerala Stay 2,Kerala,Hotel,2,Confirmed,23660,11830.0,2026-04
263,2025-07-13,217,Customer 217,Delhi,Standard,Manali Stay 2,Manali,Resort,5,Confirmed,9925,1985.0,2025-07
378,2025-09-24,217,Customer 217,Delhi,Standard,Kerala Stay 6,Kerala,Hotel,2,Completed,11922,5961.0,2025-09
887,2025-12-10,217,Customer 217,Delhi,Standard,Ladakh Stay 2,Ladakh,Homestay,2,Completed,11292,5646.0,2025-12
924,2026-04-24,217,Customer 217,Delhi,Standard,Goa Stay 4,Goa,Resort,3,Completed,32337,10779.0,2026-04
363,2026-07-04,218,Customer 218,Delhi,Budget,Manali Stay 2,Manali,Resort,7,Confirmed,13895,1985.0,2026-07
454,2026-03-13,218,Customer 218,Delhi,Budget,Goa Stay 7,Goa,Resort,3,Completed,9438,3146.0,2026-03
490,2026-04-13,218,Customer 218,Delhi,Budget,Udaipur Stay 8,Udaipur,Hotel,2,Completed,18768,9384.0,2026-04
584,2026-03-28,218,Customer 218,Delhi,Budget,Varanasi Stay 4,Varanasi,Hostel,4,Completed,42244,10561.0,2026-03
1006,2025-12-02,219,Customer 219,Kolkata,Budget,Goa Stay 3,Goa,Homestay,2,Confirmed,5458,2729.0,2025-12
558,2026-08-01,220,Customer 220,Jaipur,Budget,Varanasi Stay 7,Varanasi,Homestay,1,Completed,8388,8388.0,2026-08
981,2025-11-06,220,Customer 220,Jaipur,Budget,Udaipur Stay 1,Udaipur,Homestay,4,Completed,33832,8458.0,2025-11
1080,2026-02-12,220,Customer 220,Jaipur,Budget,Udaipur Stay 5,Udaipur,Homestay,7,Completed,74088,10584.0,2026-02
1011,2025-08-16,221,Customer 221,Delhi,Standard,Manali Stay 7,Manali,Resort,3,Completed,21699,7233.0,2025-08
1044,2025-11-30,221,Customer 221,Delhi,Standard,Jaipur Stay 3,Jaipur,Resort,4,Completed,16840,4210.0,2025-11
39,2025-09-29,222,Customer 222,Kolkata,Standard,Ladakh Stay 8,Ladakh,Hotel,2,Completed,22680,11340.0,2025-09
632,2025-07-14,222,Customer 222,Kolkata,Standard,Kerala Stay 5,Kerala,Resort,2,Completed,12330,6165.0,2025-07
680,2026-06-11,222,Customer 222,Kolkata,Standard,Jaipur Stay 1,Jaipur,Homestay,2,Confirmed,20448,10224.0,2026-06
798,2025-08-17,223,Customer 223,Hyderabad,Premium,Udaipur Stay 6,Udaipur,Hotel,4,Completed,39760,9940.0,2025-08
308,2026-02-18,224,Customer 224,Mumbai,Standard,Varanasi Stay 7,Varanasi,Homestay,1,Completed,8388,8388.0,2026-02
764,2025-12-23,224,Customer 224,Mumbai,Standard,Ladakh Stay 8,Ladakh,Hotel,5,Completed,56700,11340.0,2025-12
1111,2025-07-07,224,Customer 224,Mumbai,Standard,Kerala Stay 8,Kerala,Resort,2,Confirmed,11658,5829.0,2025-07
242,2025-06-03,225,Customer 225,Pune,Premium,Goa Stay 7,Goa,Resort,4,Completed,12584,3146.0,2025-06
400,2026-04-04,226,Customer 226,Bengaluru,Standard,Goa Stay 4,Goa,Resort,5,Completed,53895,10779.0,2026-04
752,2025-07-01,226,Customer 226,Bengaluru,Standard,Jaipur Stay 4,Jaipur,Hotel,6,Completed,18510,3085.0,2025-07
825,2026-07-08,226,Customer 226,Bengaluru,Standard,Kerala Stay 8,Kerala,Resort,4,Confirmed,23316,5829.0,2026-07
594,2025-08-18,227,Customer 227,Pune,Standard,Goa Stay 6,Goa,Hotel,4,Confirmed,18344,4586.0,2025-08
984,2025-10-01,227,Customer 227,Pune,Standard,Kerala Stay 3,Kerala,Resort,3,Completed,34242,11414.0,2025-10
90,2026-06-29,228,Customer 228,Hyderabad,Budget,Ladakh Stay 2,Ladakh,Homestay,1,Completed,5646,5646.0,2026-06
1182,2025-08-01,228,Customer 228,Hyderabad,Budget,Jaipur Stay 8,Jaipur,Hotel,2,Completed,3680,1840.0,2025-08
1190,2026-02-16,228,Customer 228,Hyderabad,Budget,Ladakh Stay 7,Ladakh,Resort,5,Confirmed,38365,7673.0,2026-02
493,2026-07-12,229,Customer 229,Kolkata,Standard,Udaipur Stay 7,Udaipur,Hotel,1,Completed,6196,6196.0,2026-07
642,2026-05-09,229,Customer 229,Kolkata,Standard,Udaipur Stay 1,Udaipur,Homestay,2,Completed,16916,8458.0,2026-05
499,2025-12-12,230,Customer 230,Mumbai,Standard,Jaipur Stay 8,Jaipur,Hotel,5,Confirmed,9200,1840.0,2025-12
1030,2026-08-01,230,Customer 230,Mumbai,Standard,Goa Stay 1,Goa,Hostel,4,Completed,30772,7693.0,2026-08
133,2026-03-14,231,Customer 231,Kolkata,Premium,Manali Stay 5,Manali,Resort,3,Completed,11067,3689.0,2026-03
244,2026-04-14,232,Customer 232,Pune,Standard,Manali Stay 6,Manali,Hotel,6,Completed,44676,7446.0,2026-04
816,2025-06-30,232,Customer 232,Pune,Standard,Goa Stay 5,Goa,Resort,7,Completed,25620,3660.0,2025-06
944,2026-06-18,232,Customer 232,Pune,Standard,Udaipur Stay 3,Udaipur,Resort,6,Confirmed,37992,6332.0,2026-06
956,2026-06-04,232,Customer 232,Pune,Standard,Goa Stay 4,Goa,Resort,1,Completed,10779,10779.0,2026-06
1031,2026-02-25,232,Customer 232,Pune,Standard,Jaipur Stay 5,Jaipur,Resort,2,Completed,4828,2414.0,2026-02
60,2026-04-17,233,Customer 233,Delhi,Budget,Varanasi Stay 3,Varanasi,Hotel,2,Confirmed,22366,11183.0,2026-04
161,2026-07-19,233,Customer 233,Delhi,Budget,Kerala Stay 2,Kerala,Hotel,4,Completed,47320,11830.0,2026-07
229,2025-12-19,233,Customer 233,Delhi,Budget,Kerala Stay 3,Kerala,Resort,4,Completed,45656,11414.0,2025-12
165,2026-08-01,234,Customer 234,Pune,Standard,Varanasi Stay 5,Varanasi,Hotel,7,Confirmed,37058,5294.0,2026-08
600,2025-09-26,234,Customer 234,Pune,Standard,Udaipur Stay 8,Udaipur,Hotel,2,Completed,18768,9384.0,2025-09
97,2025-10-19,236,Customer 236,Pune,Budget,Goa Stay 7,Goa,Resort,6,Completed,18876,3146.0,2025-10
946,2025-08-11,236,Customer 236,Pune,Budget,Kerala Stay 3,Kerala,Resort,5,Completed,57070,11414.0,2025-08
449,2025-07-21,237,Customer 237,Hyderabad,Standard,Jaipur Stay 3,Jaipur,Resort,5,Completed,21050,4210.0,2025-07
464,2026-01-12,237,Customer 237,Hyderabad,Standard,Udaipur Stay 8,Udaipur,Hotel,7,Completed,65688,9384.0,2026-01
628,2026-01-04,237,Customer 237,Hyderabad,Standard,Ladakh Stay 5,Ladakh,Resort,4,Confirmed,30512,7628.0,2026-01
618,2026-05-10,238,Customer 238,Kolkata,Standard,Kerala Stay 2,Kerala,Hotel,2,Completed,23660,11830.0,2026-05
935,2025-11-07,238,Customer 238,Kolkata,Standard,Manali Stay 4,Manali,Hotel,7,Confirmed,74991,10713.0,2025-11
744,2025-06-03,239,Customer 239,Bengaluru,Standard,Varanasi Stay 5,Varanasi,Hotel,4,Confirmed,21176,5294.0,2025-06
1174,2026-04-29,239,Customer 239,Bengaluru,Standard,Goa Stay 8,Goa,Resort,4,Completed,19224,4806.0,2026-04
417,2025-10-30,240,Customer 240,Hyderabad,Premium,Ladakh Stay 8,Ladakh,Hotel,7,Completed,79380,11340.0,2025-10
463,2026-07-04,240,Customer 240,Hyderabad,Premium,Varanasi Stay 4,Varanasi,Hostel,5,Confirmed,52805,10561.0,2026-07
898,2025-07-31,240,Customer 240,Hyderabad,Premium,Manali Stay 6,Manali,Hotel,6,Completed,44676,7446.0,2025-07
568,2026-06-08,241,Customer 241,Delhi,Standard,Kerala Stay 1,Kerala,Homestay,3,Completed,27357,9119.0,2026-06
1049,2026-03-06,241,Customer 241,Delhi,Standard,Kerala Stay 3,Kerala,Resort,7,Completed,79898,11414.0,2026-03
416,2025-09-06,242,Customer 242,Hyderabad,Standard,Jaipur Stay 2,Jaipur,Homestay,2,Confirmed,10068,5034.0,2025-09
681,2025-08-12,242,Customer 242,Hyderabad,Standard,Jaipur Stay 4,Jaipur,Hotel,5,Confirmed,15425,3085.0,2025-08
703,2026-07-05,242,Customer 242,Hyderabad,Standard,Udaipur Stay 5,Udaipur,Homestay,6,Completed,63504,10584.0,2026-07
70,2026-02-28,243,Customer 243,Delhi,Budget,Varanasi Stay 5,Varanasi,Hotel,3,Completed,15882,5294.0,2026-02
281,2025-12-21,243,Customer 243,Delhi,Budget,Kerala Stay 4,Kerala,Homestay,1,Completed,1927,1927.0,2025-12
471,2026-03-26,243,Customer 243,Delhi,Budget,Manali Stay 1,Manali,Homestay,1,Confirmed,3735,3735.0,2026-03
1104,2026-06-23,243,Customer 243,Delhi,Budget,Udaipur Stay 7,Udaipur,Hotel,2,Completed,12392,6196.0,2026-06
641,2025-09-28,244,Customer 244,Hyderabad,Budget,Jaipur Stay 7,Jaipur,Hostel,2,Completed,9004,4502.0,2025-09
770,2025-09-14,244,Customer 244,Hyderabad,Budget,Jaipur Stay 2,Jaipur,Homestay,4,Confirmed,20136,5034.0,2025-09
880,2026-05-28,244,Customer 244,Hyderabad,Budget,Ladakh Stay 1,Ladakh,Hostel,1,Completed,11877,11877.0,2026-05
885,2026-04-03,244,Customer 244,Hyderabad,Budget,Goa Stay 5,Goa,Resort,5,Completed,18300,3660.0,2026-04
277,2025-12-24,245,Customer 245,Hyderabad,Standard,Ladakh Stay 7,Ladakh,Resort,7,Completed,53711,7673.0,2025-12
874,2026-07-22,245,Customer 245,Hyderabad,Standard,Varanasi Stay 5,Varanasi,Hotel,6,Completed,31764,5294.0,2026-07
909,2025-09-17,245,Customer 245,Hyderabad,Standard,Goa Stay 4,Goa,Resort,2,Confirmed,21558,10779.0,2025-09
11,2025-10-31,246,Customer 246,Delhi,Premium,Ladakh Stay 8,Ladakh,Hotel,7,Completed,79380,11340.0,2025-10
44,2026-01-12,246,Customer 246,Delhi,Premium,Ladakh Stay 6,Ladakh,Hotel,3,Completed,23178,7726.0,2026-01
627,2026-02-08,246,Customer 246,Delhi,Premium,Jaipur Stay 6,Jaipur,Resort,3,Completed,10692,3564.0,2026-02
983,2025-11-29,246,Customer 246,Delhi,Premium,Kerala Stay 3,Kerala,Resort,5,Completed,57070,11414.0,2025-11
105,2025-12-21,247,Customer 247,Pune,Budget,Goa Stay 5,Goa,Resort,5,Completed,18300,3660.0,2025-12
194,2025-08-19,247,Customer 247,Pune,Budget,Manali Stay 2,Manali,Resort,5,Confirmed,9925,1985.0,2025-08
472,2026-06-22,247,Customer 247,Pune,Budget,Jaipur Stay 3,Jaipur,Resort,1,Confirmed,4210,4210.0,2026-06
550,2026-01-08,247,Customer 247,Pune,Budget,Varanasi Stay 4,Varanasi,Hostel,5,Completed,52805,10561.0,2026-01
560,2025-07-20,247,Customer 247,Pune,Budget,Varanasi Stay 6,Varanasi,Homestay,6,Completed,39546,6591.0,2025-07
109,2025-10-03,248,Customer 248,Bengaluru,Standard,Goa Stay 7,Goa,Resort,3,Confirmed,9438,3146.0,2025-10
177,2025-11-03,248,Customer 248,Bengaluru,Standard,Udaipur Stay 8,Udaipur,Hotel,7,Completed,65688,9384.0,2025-11
352,2026-03-26,249,Customer 249,Pune,Standard,Varanasi Stay 2,Varanasi,Hotel,2,Completed,23214,11607.0,2026-03
749,2026-04-12,250,Customer 250,Delhi,Budget,Varanasi Stay 7,Varanasi,Homestay,7,Completed,58716,8388.0,2026-04
937,2026-05-05,250,Customer 250,Delhi,Budget,Jaipur Stay 6,Jaipur,Resort,4,Confirmed,14256,3564.0,2026-05
540,2026-04-29,251,Customer 251,Mumbai,Standard,Varanasi Stay 7,Varanasi,Homestay,7,Confirmed,58716,8388.0,2026-04
900,2026-02-25,251,Customer 251,Mumbai,Standard,Udaipur Stay 5,Udaipur,Homestay,3,Confirmed,31752,10584.0,2026-02
237,2026-04-26,252,Customer 252,Kolkata,Premium,Ladakh Stay 6,Ladakh,Hotel,3,Confirmed,23178,7726.0,2026-04
259,2025-09-19,253,Customer 253,Mumbai,Standard,Manali Stay 7,Manali,Resort,1,Completed,7233,7233.0,2025-09
78,2026-07-09,254,Customer 254,Bengaluru,Budget,Jaipur Stay 4,Jaipur,Hotel,1,Confirmed,3085,3085.0,2026-07
476,2026-02-21,254,Customer 254,Bengaluru,Budget,Ladakh Stay 3,Ladakh,Homestay,7,Completed,57491,8213.0,2026-02
570,2026-05-02,255,Customer 255,Hyderabad,Premium,Ladakh Stay 3,Ladakh,Homestay,5,Completed,41065,8213.0,2026-05
1083,2026-05-03,256,Customer 256,Mumbai,Budget,Udaipur Stay 1,Udaipur,Homestay,5,Completed,42290,8458.0,2026-05
1096,2026-06-16,256,Customer 256,Mumbai,Budget,Kerala Stay 2,Kerala,Hotel,7,Confirmed,82810,11830.0,2026-06
314,2026-08-04,257,Customer 257,Hyderabad,Premium,Varanasi Stay 2,Varanasi,Hotel,6,Completed,69642,11607.0,2026-08
716,2025-12-19,257,Customer 257,Hyderabad,Premium,Manali Stay 6,Manali,Hotel,6,Completed,44676,7446.0,2025-12
369,2026-01-20,258,Customer 258,Delhi,Budget,Ladakh Stay 8,Ladakh,Hotel,2,Completed,22680,11340.0,2026-01
1180,2026-01-08,258,Customer 258,Delhi,Budget,Goa Stay 3,Goa,Homestay,5,Completed,13645,2729.0,2026-01
890,2025-09-30,259,Customer 259,Mumbai,Standard,Kerala Stay 7,Kerala,Homestay,3,Completed,25515,8505.0,2025-09
953,2025-12-17,259,Customer 259,Mumbai,Standard,Goa Stay 4,Goa,Resort,2,Confirmed,21558,10779.0,2025-12
1150,2025-10-17,259,Customer 259,Mumbai,Standard,Ladakh Stay 5,Ladakh,Resort,1,Completed,7628,7628.0,2025-10
1199,2025-11-30,259,Customer 259,Mumbai,Standard,Udaipur Stay 7,Udaipur,Hotel,7,Completed,43372,6196.0,2025-11
42,2025-11-25,260,Customer 260,Hyderabad,Standard,Manali Stay 2,Manali,Resort,6,Completed,11910,1985.0,2025-11
538,2026-08-01,260,Customer 260,Hyderabad,Standard,Kerala Stay 6,Kerala,Hotel,4,Completed,23844,5961.0,2026-08
1045,2026-05-16,260,Customer 260,Hyderabad,Standard,Goa Stay 7,Goa,Resort,4,Completed,12584,3146.0,2026-05
662,2025-10-07,261,Customer 261,Pune,Budget,Kerala Stay 8,Kerala,Resort,7,Completed,40803,5829.0,2025-10
403,2025-07-14,262,Customer 262,Mumbai,Premium,Manali Stay 5,Manali,Resort,6,Completed,22134,3689.0,2025-07
486,2025-10-18,262,Customer 262,Mumbai,Premium,Jaipur Stay 4,Jaipur,Hotel,2,Completed,6170,3085.0,2025-10
1032,2026-03-23,262,Customer 262,Mumbai,Premium,Jaipur Stay 8,Jaipur,Hotel,4,Confirmed,7360,1840.0,2026-03
72,2025-10-04,263,Customer 263,Bengaluru,Budget,Udaipur Stay 6,Udaipur,Hotel,7,Completed,69580,9940.0,2025-10
686,2025-08-06,263,Customer 263,Bengaluru,Budget,Jaipur Stay 1,Jaipur,Homestay,7,Completed,71568,10224.0,2025-08
963,2025-11-07,263,Customer 263,Bengaluru,Budget,Ladakh Stay 5,Ladakh,Resort,7,Confirmed,53396,7628.0,2025-11
542,2025-06-25,264,Customer 264,Jaipur,Budget,Ladakh Stay 5,Ladakh,Resort,4,Confirmed,30512,7628.0,2025-06
168,2025-08-27,265,Customer 265,Jaipur,Budget,Jaipur Stay 3,Jaipur,Resort,5,Completed,21050,4210.0,2025-08
189,2026-05-09,265,Customer 265,Jaipur,Budget,Varanasi Stay 4,Varanasi,Hostel,2,Confirmed,21122,10561.0,2026-05
964,2025-12-19,265,Customer 265,Jaipur,Budget,Udaipur Stay 6,Udaipur,Hotel,6,Completed,59640,9940.0,2025-12
1055,2025-10-25,265,Customer 265,Jaipur,Budget,Goa Stay 6,Goa,Hotel,2,Completed,9172,4586.0,2025-10
361,2026-04-01,266,Customer 266,Hyderabad,Standard,Udaipur Stay 2,Udaipur,Homestay,1,Confirmed,9257,9257.0,2026-04
601,2026-05-03,267,Customer 267,Kolkata,Standard,Goa Stay 8,Goa,Resort,6,Completed,28836,4806.0,2026-05
834,2026-01-09,267,Customer 267,Kolkata,Standard,Kerala Stay 8,Kerala,Resort,2,Confirmed,11658,5829.0,2026-01
614,2025-12-02,268,Customer 268,Bengaluru,Premium,Manali Stay 7,Manali,Resort,2,Confirmed,14466,7233.0,2025-12
996,2025-07-31,268,Customer 268,Bengaluru,Premium,Kerala Stay 3,Kerala,Resort,3,Completed,34242,11414.0,2025-07
370,2026-06-04,269,Customer 269,Hyderabad,Budget,Varanasi Stay 6,Varanasi,Homestay,3,Completed,19773,6591.0,2026-06
1054,2026-04-19,269,Customer 269,Hyderabad,Budget,Ladakh Stay 4,Ladakh,Hotel,4,Completed,23300,5825.0,2026-04
1192,2025-10-11,269,Customer 269,Hyderabad,Budget,Varanasi Stay 1,Varanasi,Hotel,1,Confirmed,5468,5468.0,2025-10
791,2025-09-27,270,Customer 270,Hyderabad,Standard,Jaipur Stay 3,Jaipur,Resort,6,Completed,25260,4210.0,2025-09
561,2025-10-17,271,Customer 271,Bengaluru,Budget,Varanasi Stay 2,Varanasi,Hotel,3,Completed,34821,11607.0,2025-10
947,2025-08-03,271,Customer 271,Bengaluru,Budget,Udaipur Stay 8,Udaipur,Hotel,4,Confirmed,37536,9384.0,2025-08
334,2026-05-14,272,Customer 272,Delhi,Standard,Udaipur Stay 2,Udaipur,Homestay,3,Completed,27771,9257.0,2026-05
35,2026-01-27,273,Customer 273,Mumbai,Premium,Manali Stay 4,Manali,Hotel,1,Completed,10713,10713.0,2026-01
87,2026-06-25,273,Customer 273,Mumbai,Premium,Udaipur Stay 7,Udaipur,Hotel,6,Completed,37176,6196.0,2026-06
1173,2026-05-01,273,Customer 273,Mumbai,Premium,Udaipur Stay 5,Udaipur,Homestay,6,Completed,63504,10584.0,2026-05
84,2025-07-21,274,Customer 274,Jaipur,Standard,Udaipur Stay 1,Udaipur,Homestay,7,Completed,59206,8458.0,2025-07
660,2025-09-01,274,Customer 274,Jaipur,Standard,Kerala Stay 6,Kerala,Hotel,3,Completed,17883,5961.0,2025-09
748,2025-09-27,274,Customer 274,Jaipur,Standard,Goa Stay 3,Goa,Homestay,4,Completed,10916,2729.0,2025-09
339,2025-06-05,275,Customer 275,Bengaluru,Standard,Jaipur Stay 4,Jaipur,Hotel,1,Completed,3085,3085.0,2025-06
379,2025-10-10,275,Customer 275,Bengaluru,Standard,Varanasi Stay 3,Varanasi,Hotel,3,Confirmed,33549,11183.0,2025-10
970,2025-06-05,275,Customer 275,Bengaluru,Standard,Manali Stay 3,Manali,Hotel,1,Completed,10443,10443.0,2025-06
375,2025-09-30,276,Customer 276,Kolkata,Standard,Kerala Stay 4,Kerala,Homestay,1,Completed,1927,1927.0,2025-09
828,2026-02-08,276,Customer 276,Kolkata,Standard,Manali Stay 3,Manali,Hotel,5,Confirmed,52215,10443.0,2026-02
968,2025-08-23,276,Customer 276,Kolkata,Standard,Ladakh Stay 4,Ladakh,Hotel,7,Completed,40775,5825.0,2025-08
468,2025-12-30,277,Customer 277,Kolkata,Premium,Jaipur Stay 6,Jaipur,Resort,7,Confirmed,24948,3564.0,2025-12
507,2025-12-19,277,Customer 277,Kolkata,Premium,Udaipur Stay 3,Udaipur,Resort,7,Confirmed,44324,6332.0,2025-12
849,2025-12-02,277,Customer 277,Kolkata,Premium,Ladakh Stay 4,Ladakh,Hotel,6,Completed,34950,5825.0,2025-12
599,2025-06-29,278,Customer 278,Pune,Standard,Udaipur Stay 2,Udaipur,Homestay,3,Confirmed,27771,9257.0,2025-06
817,2025-07-05,278,Customer 278,Pune,Standard,Jaipur Stay 2,Jaipur,Homestay,2,Completed,10068,5034.0,2025-07
52,2025-12-17,279,Customer 279,Delhi,Budget,Manali Stay 7,Manali,Resort,4,Completed,28932,7233.0,2025-12
455,2025-10-11,279,Customer 279,Delhi,Budget,Goa Stay 7,Goa,Resort,5,Completed,15730,3146.0,2025-10
497,2026-04-26,279,Customer 279,Delhi,Budget,Manali Stay 2,Manali,Resort,2,Completed,3970,1985.0,2026-04
102,2026-06-03,280,Customer 280,Delhi,Standard,Ladakh Stay 8,Ladakh,Hotel,1,Confirmed,11340,11340.0,2026-06
123,2026-04-20,280,Customer 280,Delhi,Standard,Jaipur Stay 6,Jaipur,Resort,1,Completed,3564,3564.0,2026-04
243,2026-04-30,280,Customer 280,Delhi,Standard,Goa Stay 7,Goa,Resort,6,Confirmed,18876,3146.0,2026-04
821,2025-12-12,280,Customer 280,Delhi,Standard,Kerala Stay 5,Kerala,Resort,5,Confirmed,30825,6165.0,2025-12
1159,2026-02-25,280,Customer 280,Delhi,Standard,Kerala Stay 4,Kerala,Homestay,6,Completed,11562,1927.0,2026-02
63,2026-07-19,281,Customer 281,Mumbai,Budget,Ladakh Stay 2,Ladakh,Homestay,5,Completed,28230,5646.0,2026-07
207,2026-02-13,282,Customer 282,Kolkata,Budget,Manali Stay 5,Manali,Resort,3,Confirmed,11067,3689.0,2026-02
299,2025-08-12,282,Customer 282,Kolkata,Budget,Manali Stay 4,Manali,Hotel,4,Completed,42852,10713.0,2025-08
217,2026-05-23,283,Customer 283,Hyderabad,Budget,Kerala Stay 7,Kerala,Homestay,5,Completed,42525,8505.0,2026-05
399,2025-08-25,283,Customer 283,Hyderabad,Budget,Manali Stay 1,Manali,Homestay,1,Completed,3735,3735.0,2025-08
574,2025-12-28,283,Customer 283,Hyderabad,Budget,Udaipur Stay 3,Udaipur,Resort,1,Completed,6332,6332.0,2025-12
1128,2025-10-16,283,Customer 283,Hyderabad,Budget,Kerala Stay 5,Kerala,Resort,3,Confirmed,18495,6165.0,2025-10
985,2026-07-29,285,Customer 285,Kolkata,Standard,Varanasi Stay 7,Varanasi,Homestay,1,Confirmed,8388,8388.0,2026-07
1004,2026-05-28,285,Customer 285,Kolkata,Standard,Kerala Stay 6,Kerala,Hotel,7,Confirmed,41727,5961.0,2026-05
787,2026-05-05,286,Customer 286,Jaipur,Budget,Ladakh Stay 4,Ladakh,Hotel,3,Completed,17475,5825.0,2026-05
920,2025-07-19,286,Customer 286,Jaipur,Budget,Jaipur Stay 2,Jaipur,Homestay,6,Completed,30204,5034.0,2025-07
1095,2026-07-31,286,Customer 286,Jaipur,Budget,Jaipur Stay 2,Jaipur,Homestay,3,Completed,15102,5034.0,2026-07
1115,2026-06-17,286,Customer 286,Jaipur,Budget,Varanasi Stay 2,Varanasi,Hotel,2,Completed,23214,11607.0,2026-06
1177,2025-09-06,286,Customer 286,Jaipur,Budget,Udaipur Stay 2,Udaipur,Homestay,2,Completed,18514,9257.0,2025-09
203,2026-05-11,287,Customer 287,Mumbai,Standard,Jaipur Stay 4,Jaipur,Hotel,6,Confirmed,18510,3085.0,2026-05
786,2026-03-10,287,Customer 287,Mumbai,Standard,Manali Stay 3,Manali,Hotel,7,Completed,73101,10443.0,2026-03
656,2026-02-23,288,Customer 288,Hyderabad,Premium,Manali Stay 6,Manali,Hotel,3,Completed,22338,7446.0,2026-02
684,2026-07-03,288,Customer 288,Hyderabad,Premium,Ladakh Stay 2,Ladakh,Homestay,5,Completed,28230,5646.0,2026-07
1037,2026-05-28,288,Customer 288,Hyderabad,Premium,Jaipur Stay 5,Jaipur,Resort,3,Completed,7242,2414.0,2026-05
1039,2025-07-27,288,Customer 288,Hyderabad,Premium,Manali Stay 4,Manali,Hotel,2,Confirmed,21426,10713.0,2025-07
313,2026-07-05,289,Customer 289,Kolkata,Standard,Ladakh Stay 4,Ladakh,Hotel,4,Completed,23300,5825.0,2026-07
328,2025-11-20,289,Customer 289,Kolkata,Standard,Ladakh Stay 1,Ladakh,Hostel,7,Completed,83139,11877.0,2025-11
182,2026-01-31,290,Customer 290,Kolkata,Standard,Jaipur Stay 5,Jaipur,Resort,6,Completed,14484,2414.0,2026-01
393,2026-07-29,291,Customer 291,Pune,Budget,Ladakh Stay 5,Ladakh,Resort,2,Completed,15256,7628.0,2026-07
1141,2025-08-27,291,Customer 291,Pune,Budget,Jaipur Stay 1,Jaipur,Homestay,1,Completed,10224,10224.0,2025-08
214,2025-08-12,292,Customer 292,Mumbai,Premium,Udaipur Stay 3,Udaipur,Resort,5,Completed,31660,6332.0,2025-08
247,2026-04-27,292,Customer 292,Mumbai,Premium,Udaipur Stay 6,Udaipur,Hotel,1,Completed,9940,9940.0,2026-04
365,2026-02-11,292,Customer 292,Mumbai,Premium,Kerala Stay 2,Kerala,Hotel,7,Confirmed,82810,11830.0,2026-02
899,2025-08-06,292,Customer 292,Mumbai,Premium,Udaipur Stay 2,Udaipur,Homestay,1,Confirmed,9257,9257.0,2025-08
934,2025-07-09,292,Customer 292,Mumbai,Premium,Kerala Stay 4,Kerala,Homestay,2,Completed,3854,1927.0,2025-07
135,2026-04-29,293,Customer 293,Jaipur,Budget,Manali Stay 6,Manali,Hotel,3,Completed,22338,7446.0,2026-04
395,2026-07-30,293,Customer 293,Jaipur,Budget,Kerala Stay 5,Kerala,Resort,7,Completed,43155,6165.0,2026-07
861,2025-07-10,293,Customer 293,Jaipur,Budget,Udaipur Stay 3,Udaipur,Resort,6,Confirmed,37992,6332.0,2025-07
1193,2026-03-09,293,Customer 293,Jaipur,Budget,Manali Stay 8,Manali,Resort,3,Completed,27606,9202.0,2026-03
49,2025-11-17,294,Customer 294,Bengaluru,Budget,Udaipur Stay 2,Udaipur,Homestay,3,Completed,27771,9257.0,2025-11
54,2025-10-10,294,Customer 294,Bengaluru,Budget,Varanasi Stay 6,Varanasi,Homestay,1,Completed,6591,6591.0,2025-10
285,2025-10-07,294,Customer 294,Bengaluru,Budget,Ladakh Stay 2,Ladakh,Homestay,2,Completed,11292,5646.0,2025-10
348,2025-07-16,294,Customer 294,Bengaluru,Budget,Jaipur Stay 3,Jaipur,Resort,3,Confirmed,12630,4210.0,2025-07
388,2025-11-05,295,Customer 295,Kolkata,Premium,Jaipur Stay 3,Jaipur,Resort,4,Completed,16840,4210.0,2025-11
1062,2026-05-18,295,Customer 295,Kolkata,Premium,Varanasi Stay 7,Varanasi,Homestay,7,Completed,58716,8388.0,2026-05
424,2026-05-12,296,Customer 296,Kolkata,Standard,Udaipur Stay 5,Udaipur,Homestay,5,Confirmed,52920,10584.0,2026-05
685,2026-04-03,296,Customer 296,Kolkata,Standard,Manali Stay 3,Manali,Hotel,1,Completed,10443,10443.0,2026-04
250,2026-01-13,297,Customer 297,Pune,Standard,Ladakh Stay 1,Ladakh,Hostel,5,Confirmed,59385,11877.0,2026-01
405,2026-01-29,297,Customer 297,Pune,Standard,Jaipur Stay 3,Jaipur,Resort,4,Completed,16840,4210.0,2026-01
602,2025-08-13,297,Customer 297,Pune,Standard,Varanasi Stay 6,Varanasi,Homestay,2,Completed,13182,6591.0,2025-08
774,2026-01-12,297,Customer 297,Pune,Standard,Varanasi Stay 5,Varanasi,Hotel,7,Completed,37058,5294.0,2026-01
820,2025-11-08,297,Customer 297,Pune,Standard,Udaipur Stay 7,Udaipur,Hotel,2,Completed,12392,6196.0,2025-11
1060,2026-04-20,297,Customer 297,Pune,Standard,Varanasi Stay 8,Varanasi,Resort,2,Completed,11332,5666.0,2026-04
688,2025-07-24,298,Customer 298,Kolkata,Standard,Manali Stay 8,Manali,Resort,3,Confirmed,27606,9202.0,2025-07
694,2025-07-19,298,Customer 298,Kolkata,Standard,Varanasi Stay 2,Varanasi,Hotel,2,Completed,23214,11607.0,2025-07
875,2025-12-02,298,Customer 298,Kolkata,Standard,Kerala Stay 4,Kerala,Homestay,6,Confirmed,11562,1927.0,2025-12
1005,2025-06-17,298,Customer 298,Kolkata,Standard,Manali Stay 2,Manali,Resort,3,Completed,5955,1985.0,2025-06
1022,2026-06-08,298,Customer 298,Kolkata,Standard,Jaipur Stay 6,Jaipur,Resort,7,Completed,24948,3564.0,2026-06
539,2026-03-19,299,Customer 299,Mumbai,Standard,Udaipur Stay 6,Udaipur,Hotel,4,Completed,39760,9940.0,2026-03
1070,2026-02-03,299,Customer 299,Mumbai,Standard,Udaipur Stay 3,Udaipur,Resort,6,Completed,37992,6332.0,2026-02
204,2026-06-24,300,Customer 300,Delhi,Budget,Udaipur Stay 4,Udaipur,Hostel,3,Confirmed,8601,2867.0,2026-06
851,2025-08-04,300,Customer 300,Delhi,Budget,Jaipur Stay 5,Jaipur,Resort,4,Completed,9656,2414.0,2025-08
872,2025-10-25,300,Customer 300,Delhi,Budget,Udaipur Stay 3,Udaipur,Resort,3,Confirmed,18996,6332.0,2025-10
56,2026-06-28,301,Customer 301,Bengaluru,Budget,Goa Stay 6,Goa,Hotel,5,Completed,22930,4586.0,2026-06
215,2026-05-05,301,Customer 301,Bengaluru,Budget,Manali Stay 5,Manali,Resort,4,Completed,14756,3689.0,2026-05
466,2025-12-27,301,Customer 301,Bengaluru,Budget,Varanasi Stay 5,Varanasi,Hotel,3,Completed,15882,5294.0,2025-12
663,2026-06-18,301,Customer 301,Bengaluru,Budget,Varanasi Stay 3,Varanasi,Hotel,4,Completed,44732,11183.0,2026-06
1024,2025-07-19,301,Customer 301,Bengaluru,Budget,Udaipur Stay 1,Udaipur,Homestay,1,Completed,8458,8458.0,2025-07
111,2025-07-27,302,Customer 302,Pune,Budget,Goa Stay 8,Goa,Resort,4,Completed,19224,4806.0,2025-07
706,2026-02-22,302,Customer 302,Pune,Budget,Jaipur Stay 6,Jaipur,Resort,6,Completed,21384,3564.0,2026-02
301,2026-05-10,303,Customer 303,Delhi,Budget,Goa Stay 6,Goa,Hotel,6,Completed,27516,4586.0,2026-05
429,2026-04-15,303,Customer 303,Delhi,Budget,Manali Stay 3,Manali,Hotel,4,Completed,41772,10443.0,2026-04
957,2025-08-07,303,Customer 303,Delhi,Budget,Kerala Stay 2,Kerala,Hotel,6,Completed,70980,11830.0,2025-08
1146,2026-02-09,303,Customer 303,Delhi,Budget,Manali Stay 7,Manali,Resort,6,Completed,43398,7233.0,2026-02
1176,2025-12-29,303,Customer 303,Delhi,Budget,Goa Stay 2,Goa,Hotel,3,Completed,23289,7763.0,2025-12
380,2025-11-25,304,Customer 304,Jaipur,Premium,Jaipur Stay 7,Jaipur,Hostel,1,Completed,4502,4502.0,2025-11
651,2025-10-30,304,Customer 304,Jaipur,Premium,Varanasi Stay 7,Varanasi,Homestay,5,Confirmed,41940,8388.0,2025-10
654,2026-04-23,304,Customer 304,Jaipur,Premium,Goa Stay 6,Goa,Hotel,2,Completed,9172,4586.0,2026-04
1007,2025-09-10,304,Customer 304,Jaipur,Premium,Varanasi Stay 8,Varanasi,Resort,4,Completed,22664,5666.0,2025-09
170,2026-06-27,305,Customer 305,Kolkata,Budget,Udaipur Stay 7,Udaipur,Hotel,1,Completed,6196,6196.0,2026-06
180,2025-12-14,306,Customer 306,Delhi,Standard,Kerala Stay 4,Kerala,Homestay,4,Completed,7708,1927.0,2025-12
421,2025-06-30,306,Customer 306,Delhi,Standard,Manali Stay 2,Manali,Resort,7,Completed,13895,1985.0,2025-06
495,2026-05-22,306,Customer 306,Delhi,Standard,Goa Stay 7,Goa,Resort,3,Completed,9438,3146.0,2026-05
513,2025-07-13,306,Customer 306,Delhi,Standard,Jaipur Stay 7,Jaipur,Hostel,2,Confirmed,9004,4502.0,2025-07
923,2026-07-11,306,Customer 306,Delhi,Standard,Manali Stay 1,Manali,Homestay,2,Completed,7470,3735.0,2026-07
431,2026-02-17,307,Customer 307,Bengaluru,Standard,Manali Stay 4,Manali,Hotel,4,Completed,42852,10713.0,2026-02
2,2025-10-21,308,Customer 308,Kolkata,Standard,Jaipur Stay 8,Jaipur,Hotel,2,Confirmed,3680,1840.0,2025-10
240,2025-10-07,308,Customer 308,Kolkata,Standard,Jaipur Stay 8,Jaipur,Hotel,5,Confirmed,9200,1840.0,2025-10
491,2025-10-01,308,Customer 308,Kolkata,Standard,Manali Stay 8,Manali,Resort,6,Completed,55212,9202.0,2025-10
1063,2025-11-21,308,Customer 308,Kolkata,Standard,Manali Stay 7,Manali,Resort,5,Completed,36165,7233.0,2025-11
908,2026-01-02,309,Customer 309,Bengaluru,Standard,Jaipur Stay 1,Jaipur,Homestay,2,Completed,20448,10224.0,2026-01
1100,2026-06-14,309,Customer 309,Bengaluru,Standard,Jaipur Stay 8,Jaipur,Hotel,5,Completed,9200,1840.0,2026-06
622,2026-04-28,310,Customer 310,Delhi,Standard,Goa Stay 3,Goa,Homestay,4,Completed,10916,2729.0,2026-04
915,2025-08-29,311,Customer 311,Hyderabad,Premium,Ladakh Stay 2,Ladakh,Homestay,5,Confirmed,28230,5646.0,2025-08
948,2026-06-03,312,Customer 312,Hyderabad,Standard,Udaipur Stay 5,Udaipur,Homestay,7,Completed,74088,10584.0,2026-06
140,2026-04-23,313,Customer 313,Delhi,Standard,Kerala Stay 8,Kerala,Resort,6,Completed,34974,5829.0,2026-04
1134,2025-06-18,313,Customer 313,Delhi,Standard,Jaipur Stay 8,Jaipur,Hotel,7,Completed,12880,1840.0,2025-06
1162,2025-12-06,313,Customer 313,Delhi,Standard,Varanasi Stay 1,Varanasi,Hotel,2,Completed,10936,5468.0,2025-12
1144,2025-09-29,314,Customer 314,Mumbai,Premium,Udaipur Stay 6,Udaipur,Hotel,1,Confirmed,9940,9940.0,2025-09
260,2025-12-04,315,Customer 315,Mumbai,Standard,Varanasi Stay 4,Varanasi,Hostel,6,Completed,63366,10561.0,2025-12
475,2026-01-27,315,Customer 315,Mumbai,Standard,Kerala Stay 6,Kerala,Hotel,4,Completed,23844,5961.0,2026-01
895,2025-06-07,315,Customer 315,Mumbai,Standard,Ladakh Stay 1,Ladakh,Hostel,4,Confirmed,47508,11877.0,2025-06
1089,2025-07-04,315,Customer 315,Mumbai,Standard,Kerala Stay 1,Kerala,Homestay,3,Completed,27357,9119.0,2025-07
843,2026-08-03,316,Customer 316,Hyderabad,Budget,Varanasi Stay 5,Varanasi,Hotel,1,Completed,5294,5294.0,2026-08
869,2026-02-21,317,Customer 317,Pune,Standard,Goa Stay 4,Goa,Resort,4,Completed,43116,10779.0,2026-02
691,2025-08-24,319,Customer 319,Jaipur,Standard,Kerala Stay 6,Kerala,Hotel,3,Completed,17883,5961.0,2025-08
1042,2025-11-23,319,Customer 319,Jaipur,Standard,Goa Stay 1,Goa,Hostel,2,Confirmed,15386,7693.0,2025-11
1087,2025-06-23,319,Customer 319,Jaipur,Standard,Jaipur Stay 2,Jaipur,Homestay,3,Completed,15102,5034.0,2025-06
418,2026-07-07,320,Customer 320,Pune,Premium,Kerala Stay 6,Kerala,Hotel,3,Confirmed,17883,5961.0,2026-07
881,2026-08-01,320,Customer 320,Pune,Premium,Kerala Stay 5,Kerala,Resort,4,Completed,24660,6165.0,2026-08
605,2026-01-20,321,Customer 321,Bengaluru,Standard,Udaipur Stay 6,Udaipur,Hotel,1,Completed,9940,9940.0,2026-01
747,2026-05-07,321,Customer 321,Bengaluru,Standard,Manali Stay 3,Manali,Hotel,4,Completed,41772,10443.0,2026-05
954,2025-06-07,322,Customer 322,Delhi,Standard,Kerala Stay 5,Kerala,Resort,1,Confirmed,6165,6165.0,2025-06
961,2025-11-30,322,Customer 322,Delhi,Standard,Jaipur Stay 4,Jaipur,Hotel,6,Completed,18510,3085.0,2025-11
1185,2025-11-13,322,Customer 322,Delhi,Standard,Udaipur Stay 7,Udaipur,Hotel,2,Completed,12392,6196.0,2025-11
325,2026-04-08,323,Customer 323,Hyderabad,Budget,Goa Stay 5,Goa,Resort,3,Completed,10980,3660.0,2026-04
340,2025-06-10,323,Customer 323,Hyderabad,Budget,Jaipur Stay 2,Jaipur,Homestay,6,Completed,30204,5034.0,2025-06
810,2026-01-15,323,Customer 323,Hyderabad,Budget,Ladakh Stay 5,Ladakh,Resort,4,Confirmed,30512,7628.0,2026-01
819,2026-06-24,323,Customer 323,Hyderabad,Budget,Manali Stay 1,Manali,Homestay,4,Completed,14940,3735.0,2026-06
345,2025-07-31,324,Customer 324,Jaipur,Premium,Varanasi Stay 5,Varanasi,Hotel,6,Completed,31764,5294.0,2025-07
792,2025-09-26,324,Customer 324,Jaipur,Premium,Manali Stay 2,Manali,Resort,4,Completed,7940,1985.0,2025-09
1051,2025-06-27,325,Customer 325,Jaipur,Budget,Jaipur Stay 7,Jaipur,Hostel,3,Completed,13506,4502.0,2025-06
273,2025-08-07,326,Customer 326,Mumbai,Budget,Ladakh Stay 4,Ladakh,Hotel,7,Completed,40775,5825.0,2025-08
767,2026-05-22,327,Customer 327,Mumbai,Budget,Kerala Stay 4,Kerala,Homestay,2,Completed,3854,1927.0,2026-05
863,2026-01-03,327,Customer 327,Mumbai,Budget,Kerala Stay 1,Kerala,Homestay,4,Completed,36476,9119.0,2026-01
282,2026-04-19,328,Customer 328,Delhi,Budget,Ladakh Stay 1,Ladakh,Hostel,1,Completed,11877,11877.0,2026-04
571,2026-04-12,328,Customer 328,Delhi,Budget,Manali Stay 1,Manali,Homestay,7,Completed,26145,3735.0,2026-04
779,2025-07-03,328,Customer 328,Delhi,Budget,Goa Stay 8,Goa,Resort,3,Completed,14418,4806.0,2025-07
197,2026-02-09,329,Customer 329,Delhi,Standard,Jaipur Stay 7,Jaipur,Hostel,4,Completed,18008,4502.0,2026-02
1052,2026-01-15,329,Customer 329,Delhi,Standard,Udaipur Stay 8,Udaipur,Hotel,3,Confirmed,28152,9384.0,2026-01
479,2026-02-20,330,Customer 330,Kolkata,Standard,Kerala Stay 4,Kerala,Homestay,7,Completed,13489,1927.0,2026-02
1169,2025-08-03,330,Customer 330,Kolkata,Standard,Udaipur Stay 1,Udaipur,Homestay,5,Completed,42290,8458.0,2025-08
53,2025-10-18,331,Customer 331,Kolkata,Budget,Jaipur Stay 6,Jaipur,Resort,5,Confirmed,17820,3564.0,2025-10
293,2026-05-22,331,Customer 331,Kolkata,Budget,Manali Stay 3,Manali,Hotel,2,Completed,20886,10443.0,2026-05
410,2026-05-03,331,Customer 331,Kolkata,Budget,Kerala Stay 6,Kerala,Hotel,2,Confirmed,11922,5961.0,2026-05
588,2025-10-24,332,Customer 332,Bengaluru,Budget,Ladakh Stay 2,Ladakh,Homestay,6,Confirmed,33876,5646.0,2025-10
700,2026-04-16,332,Customer 332,Bengaluru,Budget,Goa Stay 8,Goa,Resort,1,Completed,4806,4806.0,2026-04
483,2025-08-06,333,Customer 333,Bengaluru,Budget,Varanasi Stay 1,Varanasi,Hotel,3,Confirmed,16404,5468.0,2025-08
554,2025-07-30,333,Customer 333,Bengaluru,Budget,Goa Stay 6,Goa,Hotel,4,Completed,18344,4586.0,2025-07
649,2026-01-11,333,Customer 333,Bengaluru,Budget,Udaipur Stay 6,Udaipur,Hotel,6,Completed,59640,9940.0,2026-01
1021,2025-08-31,333,Customer 333,Bengaluru,Budget,Goa Stay 2,Goa,Hotel,7,Completed,54341,7763.0,2025-08
385,2025-10-18,334,Customer 334,Pune,Standard,Ladakh Stay 5,Ladakh,Resort,1,Completed,7628,7628.0,2025-10
17,2025-07-18,335,Customer 335,Kolkata,Budget,Manali Stay 7,Manali,Resort,6,Confirmed,43398,7233.0,2025-07
530,2025-06-16,335,Customer 335,Kolkata,Budget,Ladakh Stay 1,Ladakh,Hostel,6,Completed,71262,11877.0,2025-06
535,2026-05-11,335,Customer 335,Kolkata,Budget,Udaipur Stay 4,Udaipur,Hostel,6,Completed,17202,2867.0,2026-05
33,2025-08-01,336,Customer 336,Pune,Standard,Ladakh Stay 8,Ladakh,Hotel,6,Confirmed,68040,11340.0,2025-08
514,2025-08-05,336,Customer 336,Pune,Standard,Jaipur Stay 6,Jaipur,Resort,7,Confirmed,24948,3564.0,2025-08
526,2026-07-25,338,Customer 338,Bengaluru,Budget,Kerala Stay 6,Kerala,Hotel,7,Confirmed,41727,5961.0,2026-07
615,2025-10-11,338,Customer 338,Bengaluru,Budget,Udaipur Stay 4,Udaipur,Hostel,1,Completed,2867,2867.0,2025-10
143,2025-07-15,339,Customer 339,Mumbai,Standard,Manali Stay 6,Manali,Hotel,7,Completed,52122,7446.0,2025-07
311,2025-12-17,339,Customer 339,Mumbai,Standard,Udaipur Stay 7,Udaipur,Hotel,4,Confirmed,24784,6196.0,2025-12
930,2026-04-14,339,Customer 339,Mumbai,Standard,Varanasi Stay 3,Varanasi,Hotel,3,Completed,33549,11183.0,2026-04
1107,2025-07-11,339,Customer 339,Mumbai,Standard,Jaipur Stay 6,Jaipur,Resort,5,Confirmed,17820,3564.0,2025-07
503,2025-10-26,340,Customer 340,Jaipur,Standard,Varanasi Stay 2,Varanasi,Hotel,6,Completed,69642,11607.0,2025-10
426,2026-03-11,341,Customer 341,Hyderabad,Budget,Jaipur Stay 3,Jaipur,Resort,4,Completed,16840,4210.0,2026-03
452,2026-07-09,341,Customer 341,Hyderabad,Budget,Manali Stay 2,Manali,Resort,3,Completed,5955,1985.0,2026-07
778,2025-09-18,341,Customer 341,Hyderabad,Budget,Udaipur Stay 2,Udaipur,Homestay,3,Completed,27771,9257.0,2025-09
384,2026-04-14,342,Customer 342,Bengaluru,Budget,Manali Stay 8,Manali,Resort,1,Confirmed,9202,9202.0,2026-04
65,2026-03-31,343,Customer 343,Hyderabad,Premium,Kerala Stay 7,Kerala,Homestay,4,Confirmed,34020,8505.0,2026-03
448,2025-12-23,344,Customer 344,Kolkata,Budget,Goa Stay 7,Goa,Resort,5,Completed,15730,3146.0,2025-12
224,2026-06-23,345,Customer 345,Jaipur,Standard,Manali Stay 5,Manali,Resort,2,Confirmed,7378,3689.0,2026-06
621,2025-12-21,345,Customer 345,Jaipur,Standard,Manali Stay 5,Manali,Resort,6,Completed,22134,3689.0,2025-12
650,2026-01-22,345,Customer 345,Jaipur,Standard,Kerala Stay 2,Kerala,Hotel,4,Confirmed,47320,11830.0,2026-01
353,2026-02-03,346,Customer 346,Mumbai,Standard,Goa Stay 5,Goa,Resort,4,Completed,14640,3660.0,2026-02
838,2026-06-02,346,Customer 346,Mumbai,Standard,Ladakh Stay 4,Ladakh,Hotel,1,Completed,5825,5825.0,2026-06
812,2025-07-12,348,Customer 348,Jaipur,Standard,Jaipur Stay 6,Jaipur,Resort,1,Completed,3564,3564.0,2025-07
57,2026-04-26,349,Customer 349,Mumbai,Standard,Goa Stay 8,Goa,Resort,1,Completed,4806,4806.0,2026-04
186,2025-06-18,349,Customer 349,Mumbai,Standard,Ladakh Stay 7,Ladakh,Resort,2,Completed,15346,7673.0,2025-06
509,2026-01-16,350,Customer 350,Mumbai,Premium,Manali Stay 3,Manali,Hotel,7,Confirmed,73101,10443.0,2026-01
517,2025-12-19,352,Customer 352,Delhi,Budget,Varanasi Stay 1,Varanasi,Hotel,3,Confirmed,16404,5468.0,2025-12
977,2025-09-04,352,Customer 352,Delhi,Budget,Kerala Stay 8,Kerala,Resort,1,Completed,5829,5829.0,2025-09
148,2026-07-31,353,Customer 353,Bengaluru,Budget,Ladakh Stay 2,Ladakh,Homestay,3,Completed,16938,5646.0,2026-07
303,2025-08-28,353,Customer 353,Bengaluru,Budget,Udaipur Stay 3,Udaipur,Resort,3,Completed,18996,6332.0,2025-08
396,2026-04-09,353,Customer 353,Bengaluru,Budget,Kerala Stay 5,Kerala,Resort,7,Completed,43155,6165.0,2026-04
543,2026-03-21,353,Customer 353,Bengaluru,Budget,Kerala Stay 2,Kerala,Hotel,3,Completed,35490,11830.0,2026-03
788,2025-10-06,353,Customer 353,Bengaluru,Budget,Kerala Stay 8,Kerala,Resort,3,Confirmed,17487,5829.0,2025-10
854,2025-07-14,353,Customer 353,Bengaluru,Budget,Manali Stay 5,Manali,Resort,7,Completed,25823,3689.0,2025-07
1068,2025-10-06,353,Customer 353,Bengaluru,Budget,Ladakh Stay 4,Ladakh,Hotel,4,Confirmed,23300,5825.0,2025-10
246,2025-08-29,354,Customer 354,Kolkata,Standard,Jaipur Stay 3,Jaipur,Resort,2,Completed,8420,4210.0,2025-08
670,2026-01-31,354,Customer 354,Kolkata,Standard,Ladakh Stay 7,Ladakh,Resort,5,Confirmed,38365,7673.0,2026-01
1200,2026-06-09,354,Customer 354,Kolkata,Standard,Varanasi Stay 4,Varanasi,Hostel,6,Completed,63366,10561.0,2026-06
655,2026-02-08,355,Customer 355,Jaipur,Standard,Goa Stay 6,Goa,Hotel,1,Confirmed,4586,4586.0,2026-02
451,2025-11-20,356,Customer 356,Jaipur,Budget,Udaipur Stay 2,Udaipur,Homestay,7,Completed,64799,9257.0,2025-11
894,2025-10-05,356,Customer 356,Jaipur,Budget,Goa Stay 3,Goa,Homestay,7,Confirmed,19103,2729.0,2025-10
988,2025-11-08,356,Customer 356,Jaipur,Budget,Kerala Stay 5,Kerala,Resort,6,Confirmed,36990,6165.0,2025-11
118,2025-11-26,357,Customer 357,Mumbai,Budget,Jaipur Stay 6,Jaipur,Resort,2,Completed,7128,3564.0,2025-11
823,2026-01-12,357,Customer 357,Mumbai,Budget,Jaipur Stay 2,Jaipur,Homestay,1,Completed,5034,5034.0,2026-01
878,2026-06-30,357,Customer 357,Mumbai,Budget,Udaipur Stay 3,Udaipur,Resort,5,Completed,31660,6332.0,2026-06
1077,2026-02-18,357,Customer 357,Mumbai,Budget,Udaipur Stay 4,Udaipur,Hostel,4,Confirmed,11468,2867.0,2026-02
1148,2025-10-17,357,Customer 357,Mumbai,Budget,Kerala Stay 7,Kerala,Homestay,1,Confirmed,8505,8505.0,2025-10
1106,2026-03-21,358,Customer 358,Jaipur,Premium,Jaipur Stay 6,Jaipur,Resort,2,Confirmed,7128,3564.0,2026-03
1153,2025-06-08,358,Customer 358,Jaipur,Premium,Jaipur Stay 8,Jaipur,Hotel,1,Completed,1840,1840.0,2025-06
467,2026-03-30,359,Customer 359,Delhi,Budget,Manali Stay 3,Manali,Hotel,5,Completed,52215,10443.0,2026-03
1053,2026-01-09,359,Customer 359,Delhi,Budget,Kerala Stay 1,Kerala,Homestay,6,Completed,54714,9119.0,2026-01
1196,2025-07-11,359,Customer 359,Delhi,Budget,Goa Stay 6,Goa,Hotel,7,Completed,32102,4586.0,2025-07
581,2025-08-04,361,Customer 361,Pune,Standard,Kerala Stay 8,Kerala,Resort,3,Completed,17487,5829.0,2025-08
738,2025-09-22,361,Customer 361,Pune,Standard,Jaipur Stay 3,Jaipur,Resort,1,Completed,4210,4210.0,2025-09
873,2026-07-23,361,Customer 361,Pune,Standard,Manali Stay 8,Manali,Resort,4,Completed,36808,9202.0,2026-07
196,2026-04-04,362,Customer 362,Jaipur,Budget,Goa Stay 2,Goa,Hotel,7,Completed,54341,7763.0,2026-04
951,2026-04-10,362,Customer 362,Jaipur,Budget,Goa Stay 2,Goa,Hotel,7,Completed,54341,7763.0,2026-04
1136,2025-08-24,362,Customer 362,Jaipur,Budget,Varanasi Stay 2,Varanasi,Hotel,1,Completed,11607,11607.0,2025-08
1188,2026-03-22,362,Customer 362,Jaipur,Budget,Kerala Stay 2,Kerala,Hotel,3,Completed,35490,11830.0,2026-03
625,2026-01-05,363,Customer 363,Mumbai,Budget,Ladakh Stay 1,Ladakh,Hostel,5,Confirmed,59385,11877.0,2026-01
222,2025-08-15,364,Customer 364,Jaipur,Budget,Udaipur Stay 3,Udaipur,Resort,3,Completed,18996,6332.0,2025-08
510,2026-01-01,364,Customer 364,Jaipur,Budget,Ladakh Stay 7,Ladakh,Resort,3,Completed,23019,7673.0,2026-01
155,2026-07-08,365,Customer 365,Delhi,Premium,Manali Stay 8,Manali,Resort,3,Completed,27606,9202.0,2026-07
145,2025-07-06,366,Customer 366,Kolkata,Budget,Kerala Stay 8,Kerala,Resort,1,Confirmed,5829,5829.0,2025-07
704,2026-06-08,366,Customer 366,Kolkata,Budget,Kerala Stay 7,Kerala,Homestay,4,Completed,34020,8505.0,2026-06
1102,2025-08-11,366,Customer 366,Kolkata,Budget,Jaipur Stay 8,Jaipur,Hotel,1,Completed,1840,1840.0,2025-08
911,2026-02-03,367,Customer 367,Kolkata,Budget,Varanasi Stay 2,Varanasi,Hotel,5,Completed,58035,11607.0,2026-02
1108,2025-09-08,367,Customer 367,Kolkata,Budget,Udaipur Stay 3,Udaipur,Resort,2,Completed,12664,6332.0,2025-09
331,2026-02-06,368,Customer 368,Bengaluru,Budget,Ladakh Stay 3,Ladakh,Homestay,6,Completed,49278,8213.0,2026-02
511,2025-10-28,368,Customer 368,Bengaluru,Budget,Kerala Stay 4,Kerala,Homestay,1,Completed,1927,1927.0,2025-10
347,2026-04-28,369,Customer 369,Delhi,Budget,Kerala Stay 3,Kerala,Resort,3,Completed,34242,11414.0,2026-04
1012,2025-11-14,369,Customer 369,Delhi,Budget,Kerala Stay 7,Kerala,Homestay,5,Completed,42525,8505.0,2025-11
178,2025-10-08,370,Customer 370,Pune,Standard,Udaipur Stay 5,Udaipur,Homestay,4,Completed,42336,10584.0,2025-10
307,2025-10-19,370,Customer 370,Pune,Standard,Jaipur Stay 8,Jaipur,Hotel,5,Confirmed,9200,1840.0,2025-10
536,2026-06-23,370,Customer 370,Pune,Standard,Varanasi Stay 3,Varanasi,Hotel,7,Completed,78281,11183.0,2026-06
931,2026-05-04,370,Customer 370,Pune,Standard,Udaipur Stay 5,Udaipur,Homestay,7,Completed,74088,10584.0,2026-05
422,2025-12-09,371,Customer 371,Bengaluru,Budget,Ladakh Stay 8,Ladakh,Hotel,6,Completed,68040,11340.0,2025-12
932,2025-10-07,371,Customer 371,Bengaluru,Budget,Varanasi Stay 1,Varanasi,Hotel,2,Completed,10936,5468.0,2025-10
969,2026-02-22,371,Customer 371,Bengaluru,Budget,Manali Stay 4,Manali,Hotel,5,Completed,53565,10713.0,2026-02
1020,2026-05-19,371,Customer 371,Bengaluru,Budget,Goa Stay 3,Goa,Homestay,2,Completed,5458,2729.0,2026-05
648,2025-06-25,372,Customer 372,Hyderabad,Standard,Udaipur Stay 2,Udaipur,Homestay,4,Completed,37028,9257.0,2025-06
735,2025-12-17,372,Customer 372,Hyderabad,Standard,Goa Stay 4,Goa,Resort,4,Completed,43116,10779.0,2025-12
152,2026-07-19,373,Customer 373,Bengaluru,Standard,Varanasi Stay 2,Varanasi,Hotel,7,Completed,81249,11607.0,2026-07
815,2025-07-10,373,Customer 373,Bengaluru,Standard,Manali Stay 7,Manali,Resort,6,Completed,43398,7233.0,2025-07
882,2025-11-10,373,Customer 373,Bengaluru,Standard,Goa Stay 1,Goa,Hostel,6,Completed,46158,7693.0,2025-11
1066,2025-08-11,373,Customer 373,Bengaluru,Standard,Kerala Stay 2,Kerala,Hotel,3,Completed,35490,11830.0,2025-08
1105,2025-07-12,373,Customer 373,Bengaluru,Standard,Jaipur Stay 7,Jaipur,Hostel,7,Completed,31514,4502.0,2025-07
1099,2026-03-20,374,Customer 374,Bengaluru,Premium,Varanasi Stay 5,Varanasi,Hotel,7,Confirmed,37058,5294.0,2026-03
606,2026-06-02,375,Customer 375,Jaipur,Budget,Ladakh Stay 1,Ladakh,Hostel,5,Completed,59385,11877.0,2026-06
556,2026-01-23,376,Customer 376,Delhi,Premium,Manali Stay 1,Manali,Homestay,4,Completed,14940,3735.0,2026-01
856,2025-06-16,376,Customer 376,Delhi,Premium,Udaipur Stay 7,Udaipur,Hotel,5,Completed,30980,6196.0,2025-06
1132,2026-06-21,376,Customer 376,Delhi,Premium,Udaipur Stay 8,Udaipur,Hotel,3,Confirmed,28152,9384.0,2026-06
1178,2026-07-16,377,Customer 377,Pune,Standard,Udaipur Stay 4,Udaipur,Hostel,4,Completed,11468,2867.0,2026-07
549,2025-09-18,379,Customer 379,Bengaluru,Standard,Udaipur Stay 7,Udaipur,Hotel,5,Confirmed,30980,6196.0,2025-09
623,2025-06-16,379,Customer 379,Bengaluru,Standard,Goa Stay 5,Goa,Resort,6,Confirmed,21960,3660.0,2025-06
104,2026-07-16,382,Customer 382,Jaipur,Premium,Ladakh Stay 7,Ladakh,Resort,7,Completed,53711,7673.0,2026-07
302,2026-03-05,382,Customer 382,Jaipur,Premium,Varanasi Stay 7,Varanasi,Homestay,6,Completed,50328,8388.0,2026-03
406,2026-03-19,382,Customer 382,Jaipur,Premium,Goa Stay 6,Goa,Hotel,6,Completed,27516,4586.0,2026-03
480,2025-06-12,382,Customer 382,Jaipur,Premium,Jaipur Stay 4,Jaipur,Hotel,3,Completed,9255,3085.0,2025-06
1152,2026-05-09,382,Customer 382,Jaipur,Premium,Jaipur Stay 2,Jaipur,Homestay,4,Confirmed,20136,5034.0,2026-05
130,2026-05-13,383,Customer 383,Jaipur,Standard,Manali Stay 6,Manali,Hotel,3,Completed,22338,7446.0,2026-05
346,2026-06-10,384,Customer 384,Mumbai,Standard,Ladakh Stay 6,Ladakh,Hotel,4,Completed,30904,7726.0,2026-06
100,2026-04-23,385,Customer 385,Delhi,Premium,Jaipur Stay 7,Jaipur,Hostel,1,Completed,4502,4502.0,2026-04
270,2026-05-10,385,Customer 385,Delhi,Premium,Ladakh Stay 4,Ladakh,Hotel,2,Confirmed,11650,5825.0,2026-05
312,2026-01-19,385,Customer 385,Delhi,Premium,Kerala Stay 3,Kerala,Resort,4,Confirmed,45656,11414.0,2026-01
529,2025-10-06,385,Customer 385,Delhi,Premium,Varanasi Stay 2,Varanasi,Hotel,3,Completed,34821,11607.0,2025-10
1183,2026-05-12,385,Customer 385,Delhi,Premium,Manali Stay 2,Manali,Resort,7,Confirmed,13895,1985.0,2026-05
125,2025-07-15,386,Customer 386,Delhi,Standard,Udaipur Stay 3,Udaipur,Resort,6,Completed,37992,6332.0,2025-07
702,2026-07-06,386,Customer 386,Delhi,Standard,Kerala Stay 7,Kerala,Homestay,2,Confirmed,17010,8505.0,2026-07
179,2025-09-01,387,Customer 387,Delhi,Standard,Ladakh Stay 3,Ladakh,Homestay,7,Confirmed,57491,8213.0,2025-09
321,2025-11-20,387,Customer 387,Delhi,Standard,Goa Stay 2,Goa,Hotel,5,Completed,38815,7763.0,2025-11
835,2026-07-09,387,Customer 387,Delhi,Standard,Kerala Stay 7,Kerala,Homestay,7,Completed,59535,8505.0,2026-07
1133,2026-07-26,387,Customer 387,Delhi,Standard,Jaipur Stay 1,Jaipur,Homestay,3,Confirmed,30672,10224.0,2026-07
136,2025-11-12,388,Customer 388,Pune,Budget,Kerala Stay 8,Kerala,Resort,4,Confirmed,23316,5829.0,2025-11
929,2025-07-17,388,Customer 388,Pune,Budget,Manali Stay 6,Manali,Hotel,5,Completed,37230,7446.0,2025-07
32,2026-01-14,389,Customer 389,Jaipur,Standard,Manali Stay 7,Manali,Resort,4,Completed,28932,7233.0,2026-01
505,2025-11-18,389,Customer 389,Jaipur,Standard,Goa Stay 7,Goa,Resort,2,Completed,6292,3146.0,2025-11
777,2026-07-25,389,Customer 389,Jaipur,Standard,Udaipur Stay 5,Udaipur,Homestay,5,Completed,52920,10584.0,2026-07
200,2026-04-12,390,Customer 390,Mumbai,Standard,Jaipur Stay 4,Jaipur,Hotel,5,Completed,15425,3085.0,2026-04
144,2026-02-21,392,Customer 392,Mumbai,Standard,Jaipur Stay 1,Jaipur,Homestay,1,Confirmed,10224,10224.0,2026-02
132,2026-05-10,393,Customer 393,Bengaluru,Budget,Jaipur Stay 6,Jaipur,Resort,7,Completed,24948,3564.0,2026-05
415,2025-10-25,393,Customer 393,Bengaluru,Budget,Manali Stay 3,Manali,Hotel,3,Completed,31329,10443.0,2025-10
776,2026-02-25,393,Customer 393,Bengaluru,Budget,Jaipur Stay 6,Jaipur,Resort,3,Confirmed,10692,3564.0,2026-02
1120,2025-07-28,393,Customer 393,Bengaluru,Budget,Udaipur Stay 7,Udaipur,Hotel,4,Completed,24784,6196.0,2025-07
305,2025-09-15,394,Customer 394,Hyderabad,Budget,Kerala Stay 8,Kerala,Resort,3,Completed,17487,5829.0,2025-09
337,2025-08-16,394,Customer 394,Hyderabad,Budget,Kerala Stay 8,Kerala,Resort,1,Completed,5829,5829.0,2025-08
268,2025-10-11,395,Customer 395,Pune,Budget,Goa Stay 6,Goa,Hotel,4,Completed,18344,4586.0,2025-10
336,2025-06-25,395,Customer 395,Pune,Budget,Kerala Stay 1,Kerala,Homestay,2,Confirmed,18238,9119.0,2025-06
46,2025-10-03,396,Customer 396,Jaipur,Budget,Kerala Stay 2,Kerala,Hotel,7,Confirmed,82810,11830.0,2025-10
231,2026-04-03,396,Customer 396,Jaipur,Budget,Jaipur Stay 7,Jaipur,Hostel,2,Confirmed,9004,4502.0,2026-04
473,2025-10-13,396,Customer 396,Jaipur,Budget,Ladakh Stay 6,Ladakh,Hotel,6,Completed,46356,7726.0,2025-10
587,2025-10-02,397,Customer 397,Delhi,Budget,Varanasi Stay 1,Varanasi,Hotel,7,Completed,38276,5468.0,2025-10
938,2025-09-30,397,Customer 397,Delhi,Budget,Manali Stay 8,Manali,Resort,3,Completed,27606,9202.0,2025-09
1155,2025-12-13,397,Customer 397,Delhi,Budget,Udaipur Stay 3,Udaipur,Resort,7,Completed,44324,6332.0,2025-12
546,2025-10-30,398,Customer 398,Mumbai,Budget,Goa Stay 5,Goa,Resort,2,Completed,7320,3660.0,2025-10
696,2025-09-18,398,Customer 398,Mumbai,Budget,Goa Stay 3,Goa,Homestay,4,Confirmed,10916,2729.0,2025-09
870,2026-07-17,398,Customer 398,Mumbai,Budget,Jaipur Stay 1,Jaipur,Homestay,6,Confirmed,61344,10224.0,2026-07
1161,2026-02-12,398,Customer 398,Mumbai,Budget,Udaipur Stay 2,Udaipur,Homestay,1,Completed,9257,9257.0,2026-02
1139,2025-10-07,399,Customer 399,Mumbai,Standard,Kerala Stay 6,Kerala,Hotel,5,Completed,29805,5961.0,2025-10
746,2026-03-07,400,Customer 400,Bengaluru,Standard,Goa Stay 8,Goa,Resort,2,Completed,9612,4806.0,2026-03
1064,2025-07-12,400,Customer 400,Bengaluru,Standard,Goa Stay 2,Goa,Hotel,1,Completed,7763,7763.0,2025-07
