enquiry_id,enquiry_datetime,destination,status,source,travelers,budget_inr,latitude,longitude
ENQ00001,2026-06-23 21:20:00,Udaipur,New,Google Ads,5,38408.0,24.63403910225373,73.5715577101702
ENQ00002,2026-05-01 18:49:00,Ladakh,Contacted,Referral,3,67033.0,34.124459362824915,77.50929121060531
ENQ00003,2026-01-12 12:06:00,Goa,Qualified,Google Ads,1,27369.0,15.497340889863642,74.07065625943028
ENQ00004,2026-06-14 19:07:00,Udaipur,Contacted,Website,4,21397.0,24.591262325812917,73.72262606418202
ENQ00005,2026-01-31 07:12:00,Goa,New,Referral,1,37569.0,15.172141736725068,74.08191716715655
ENQ00006,2026-03-10 13:16:00,Goa,Contacted,WhatsApp,4,34351.0,15.33168132101194,74.1308577820193
ENQ00007,2026-02-12 17:27:00,Manali,Contacted,Website,6,30601.0,32.059167122239366,77.14384068443964
ENQ00008,2026-05-10 07:56:00,Ladakh,Contacted,Website,1,23432.0,34.23426573291575,77.62405783418504
ENQ00009,2026-01-06 18:39:00,Jaipur,Booked,Google Ads,6,50527.0,27.009842668146018,75.70844821300614
ENQ00010,2026-04-26 20:23:00,Manali,New,Google Ads,4,52287.0,32.34567436282233,77.18564751613687
ENQ00011,2026-06-05 16:12:00,Varanasi,Qualified,Instagram,1,24763.0,25.444977800075115,82.9741643547267
ENQ00012,2026-05-22 10:38:00,Jaipur,New,Google Ads,5,26354.0,26.748601960582857,75.85524036570457
ENQ00013,2026-02-25 18:15:00,Udaipur,Lost,Google Ads,1,42534.0,24.549918905762027,73.68240163109053
ENQ00014,2026-06-11 12:58:00,Ladakh,Booked,Instagram,4,25910.0,34.03635228551442,77.70677595992048
ENQ00015,2026-03-07 18:28:00,Jaipur,Lost,Website,4,43349.0,26.870711906095774,75.913302861993
ENQ00016,2026-05-03 17:33:00,Goa,Lost,Website,5,77440.0,15.264800547072573,74.04978038382805
ENQ00017,2026-04-02 08:54:00,Ladakh,Contacted,Instagram,3,38938.0,34.258162333922385,77.57113322007999
ENQ00018,2026-01-13 08:18:00,Goa,Booked,WhatsApp,1,23168.0,15.294214239411588,74.02146992477735
ENQ00019,2026-01-01 07:28:00,Jaipur,Contacted,Google Ads,3,47719.0,26.875790131624303,75.82159566589048
ENQ00020,2026-02-02 08:31:00,Ladakh,Lost,Instagram,5,36927.0,34.04866560049929,77.53387298446626
ENQ00021,2026-06-18 11:16:00,Ladakh,Qualified,WhatsApp,6,37386.0,34.1189642850074,77.58231526437712
ENQ00022,2026-06-21 07:03:00,Kerala,Qualified,Instagram,2,49540.0,10.968864771651061,76.24710374936137
ENQ00023,2026-03-15 22:17:00,Kerala,Lost,Instagram,3,54590.0,10.795259947006995,76.49080965056197
ENQ00024,2026-06-24 21:06:00,Ladakh,Lost,Website,6,40644.0,34.11794517171813,77.56174734710646
ENQ00025,2026-01-09 09:40:00,Kerala,Lost,Referral,2,38923.0,10.821872290464718,76.24895847191124
ENQ00026,2026-06-24 11:00:00,Kerala,New,Google Ads,2,101238.0,10.856720389041277,76.34476371820746
ENQ00027,2026-02-11 18:18:00,Udaipur,Contacted,Referral,5,68657.0,24.617719017861873,73.79866764506932
ENQ00028,2026-01-07 17:53:00,Kerala,Contacted,Website,3,58205.0,10.934022293968594,76.28778416844928
ENQ00029,2026-05-17 16:34:00,Manali,Qualified,Instagram,4,42433.0,32.273304957605106,77.27789893410149
ENQ00030,2026-03-10 22:40:00,Manali,Qualified,Website,3,25439.0,32.1543032057598,77.38905689617907
ENQ00031,2026-02-22 17:40:00,Manali,Contacted,WhatsApp,4,66434.0,32.202193189557796,77.16112280627448
ENQ00032,2026-05-17 17:17:00,Kerala,Booked,Website,2,42683.0,10.7535479220261,76.17652793536365
ENQ00033,2026-03-01 15:37:00,Manali,Contacted,Google Ads,5,30851.0,32.32112272551118,77.37081546221138
ENQ00034,2026-05-16 15:13:00,Manali,Booked,Google Ads,3,35854.0,32.197820791135335,77.2169853222502
ENQ00035,2026-02-05 11:38:00,Udaipur,Lost,Website,4,25896.0,24.603013327656974,73.79251956499334
ENQ00036,2026-01-16 15:40:00,Manali,Booked,Instagram,2,64372.0,32.42069715716139,77.31087787343853
ENQ00037,2026-02-28 21:52:00,Jaipur,Contacted,Website,1,54394.0,26.893307257521542,75.82960141085677
ENQ00038,2026-04-20 13:55:00,Goa,Contacted,Google Ads,4,43407.0,15.349544627419379,74.12239274950659
ENQ00039,2026-02-10 09:01:00,Goa,New,WhatsApp,1,39237.0,15.211625109320263,74.06009790251495
ENQ00040,2026-01-26 16:17:00,Udaipur,Booked,Instagram,6,29447.0,24.677252212074336,73.81260463966576
ENQ00041,2026-05-15 19:32:00,Manali,Qualified,WhatsApp,6,15338.0,32.22659461081287,77.2100844315248
ENQ00042,2026-03-30 22:19:00,Goa,New,Website,2,21180.0,15.395081105706373,73.98765849023734
ENQ00043,2026-03-19 15:37:00,Udaipur,Lost,Instagram,2,28637.0,24.54969180553289,73.87392971051862
ENQ00044,2026-02-13 19:51:00,Jaipur,Booked,WhatsApp,4,26764.0,26.936344617296268,75.69696271322373
ENQ00045,2026-01-04 11:15:00,Goa,Lost,WhatsApp,2,45563.0,15.308682583485897,74.20571484738146
ENQ00046,2026-01-10 13:53:00,Udaipur,Qualified,Website,6,57630.0,24.381677365013715,73.7266028653753
ENQ00047,2026-05-03 13:52:00,Kerala,Lost,Google Ads,1,37754.0,10.8207068356326,76.13974014988504
ENQ00048,2026-01-15 12:54:00,Udaipur,Contacted,WhatsApp,3,75406.0,24.591954180410426,73.70158158145917
ENQ00049,2026-02-14 18:04:00,Udaipur,Contacted,Referral,2,28123.0,24.583472779824188,73.68463915038042
ENQ00050,2026-06-13 21:17:00,Ladakh,Lost,Google Ads,5,37633.0,34.07089299584367,77.46061577331214
ENQ00051,2026-03-03 12:07:00,Jaipur,Lost,Website,1,39093.0,26.85714480477803,75.85604016912609
ENQ00052,2026-05-15 09:07:00,Udaipur,Qualified,Website,3,65390.0,24.60404562349814,73.70696613364427
ENQ00053,2026-03-03 20:03:00,Varanasi,New,Google Ads,6,41952.0,25.23441854807428,82.94398680537167
ENQ00054,2026-06-17 20:26:00,Goa,Contacted,Instagram,3,42478.0,15.358272604668578,74.16438270099883
ENQ00055,2026-05-28 21:05:00,Ladakh,Booked,Website,2,18995.0,34.11442409041818,77.36808782788258
ENQ00056,2026-03-26 11:17:00,Manali,Lost,Website,1,26680.0,32.189212189587074,77.15058443859115
ENQ00057,2026-05-04 18:58:00,Ladakh,Contacted,Instagram,4,65501.0,34.08003152498378,77.54394593734882
ENQ00058,2026-03-16 18:53:00,Kerala,New,Instagram,1,15721.0,10.915824010255617,76.26811628376349
ENQ00059,2026-06-19 19:56:00,Kerala,Booked,Instagram,3,73202.0,10.929675683832395,76.15043023314837
ENQ00060,2026-03-06 19:02:00,Goa,Booked,Instagram,4,50085.0,15.274894875363605,73.9688782311324
ENQ00061,2026-05-31 22:39:00,Ladakh,Qualified,Website,3,28574.0,34.11847379761305,77.49334740357618
ENQ00062,2026-04-21 14:38:00,Kerala,Booked,WhatsApp,5,27507.0,10.953000226674272,76.30387696046749
ENQ00063,2026-04-26 08:07:00,Jaipur,Lost,Google Ads,5,93884.0,26.99358635964744,75.75295217397817
ENQ00064,2026-03-05 10:54:00,Jaipur,Contacted,Website,1,75491.0,26.83082255223067,75.70317496043693
ENQ00065,2026-05-30 21:24:00,Udaipur,Booked,Instagram,5,37907.0,24.60663514246167,73.85731291953547
ENQ00066,2026-05-15 20:58:00,Goa,Booked,Instagram,6,42498.0,15.33229058336164,74.09401858165698
ENQ00067,2026-05-27 07:06:00,Kerala,Qualified,Google Ads,2,29907.0,10.835398331589873,76.26859597345987
ENQ00068,2026-05-25 12:39:00,Varanasi,Lost,Google Ads,3,42501.0,25.479731404814252,83.0725886852668
ENQ00069,2026-01-29 10:07:00,Goa,Booked,Google Ads,3,29536.0,15.32009672033203,74.13277855742449
ENQ00070,2026-06-07 12:56:00,Kerala,Qualified,Google Ads,3,38611.0,10.874448271229591,76.31064205354265
ENQ00071,2026-06-01 17:36:00,Goa,New,Website,3,90335.0,15.266244163761954,74.05647368420986
ENQ00072,2026-02-13 15:04:00,Ladakh,Booked,Website,6,38315.0,34.23517762084439,77.57875861844576
ENQ00073,2026-06-26 14:12:00,Ladakh,New,Website,4,24960.0,34.2284982348652,77.70869269990212
ENQ00074,2026-04-05 13:21:00,Goa,New,Instagram,6,21629.0,15.340949178727966,74.15268387836561
ENQ00075,2026-02-27 17:00:00,Kerala,Qualified,Instagram,3,42355.0,11.106519438441365,76.28766161026239
ENQ00076,2026-02-10 17:00:00,Manali,Booked,Referral,4,28402.0,32.155956255372296,77.16670198142624
ENQ00077,2026-03-07 07:55:00,Ladakh,Lost,Website,1,44695.0,34.27673477693964,77.4734666119776
ENQ00078,2026-01-07 09:58:00,Manali,Booked,Google Ads,2,19300.0,32.18300323166776,77.27771414447749
ENQ00079,2026-05-05 12:32:00,Kerala,Lost,Website,4,54570.0,10.828770348598958,76.26228033704189
ENQ00080,2026-05-08 13:54:00,Ladakh,Contacted,Instagram,2,24824.0,34.23846982561045,77.51965430594768
ENQ00081,2026-05-01 22:39:00,Goa,Qualified,Google Ads,6,40842.0,15.181811803878235,74.01288912233099
ENQ00082,2026-04-09 21:01:00,Kerala,Lost,Website,2,34351.0,10.89704243547277,76.29183056750647
ENQ00083,2026-03-07 17:42:00,Jaipur,Qualified,Instagram,1,86674.0,26.856994678937657,75.69459667033543
ENQ00084,2026-05-11 07:01:00,Kerala,Booked,Instagram,5,43209.0,10.828854149988091,76.36042138290004
ENQ00085,2026-06-06 08:48:00,Manali,Qualified,Google Ads,1,95999.0,32.17633456369366,77.1361852782438
ENQ00086,2026-01-16 14:22:00,Ladakh,Contacted,Website,2,51481.0,34.05735827461229,77.54760696887182
ENQ00087,2026-03-10 16:08:00,Manali,Booked,WhatsApp,2,75968.0,32.270246319257325,77.35841353256345
ENQ00088,2026-06-29 17:15:00,Jaipur,Contacted,WhatsApp,5,36413.0,26.929822521025596,75.78300575158104
ENQ00089,2026-06-05 09:41:00,Udaipur,New,Referral,6,46729.0,24.65443492847881,73.76819724414642
ENQ00090,2026-06-28 21:50:00,Udaipur,Contacted,Website,2,69219.0,24.539187134850664,73.89666480587441
ENQ00091,2026-02-02 14:34:00,Varanasi,Contacted,Google Ads,3,60106.0,25.315649331816484,82.99281002562846
ENQ00092,2026-03-25 16:09:00,Varanasi,Qualified,Website,3,50796.0,25.361707886982888,83.00156978940903
ENQ00093,2026-01-24 07:54:00,Goa,Lost,WhatsApp,5,34512.0,15.421331813509967,74.0768073008696
ENQ00094,2026-06-05 20:47:00,Kerala,Qualified,Instagram,3,37242.0,10.913170579908217,76.2842654756308
ENQ00095,2026-04-04 15:24:00,Jaipur,Lost,Website,4,66742.0,26.991017855608764,75.77010116400254
ENQ00096,2026-02-13 10:33:00,Goa,Booked,Website,4,73298.0,15.27126677150775,74.18256587899408
ENQ00097,2026-01-17 12:57:00,Ladakh,New,Referral,1,30633.0,34.1812394605672,77.51137645581397
ENQ00098,2026-05-13 12:22:00,Varanasi,Contacted,WhatsApp,4,28622.0,25.42524898291314,83.03250075000868
ENQ00099,2026-05-27 07:01:00,Goa,Lost,Instagram,4,26629.0,15.293363664760316,74.08654151106151
ENQ00100,2026-06-08 22:08:00,Jaipur,Booked,Instagram,6,58105.0,26.94153047174989,75.84013881792214
ENQ00101,2026-06-24 19:36:00,Ladakh,Lost,Referral,4,26328.0,34.025073994082334,77.60705447380182
ENQ00102,2026-05-27 21:59:00,Jaipur,Contacted,Referral,6,57789.0,26.964604376193083,75.59910411200258
ENQ00103,2026-05-22 12:44:00,Goa,Booked,Referral,3,51134.0,15.314995172699623,74.17956873075164
ENQ00104,2026-05-27 15:37:00,Goa,Booked,Instagram,5,31299.0,15.345770265141164,74.18819586838246
ENQ00105,2026-06-29 14:19:00,Jaipur,Lost,Google Ads,6,80852.0,26.886194672638542,75.70410748522596
ENQ00106,2026-03-25 14:26:00,Goa,New,WhatsApp,1,20715.0,15.155320453458769,74.21137785924545
ENQ00107,2026-05-17 16:02:00,Ladakh,Lost,Website,4,84409.0,34.208845239503546,77.67047911446627
ENQ00108,2026-05-28 14:22:00,Goa,Qualified,Instagram,6,46172.0,15.24128869129247,74.18830691381002
ENQ00109,2026-01-21 19:37:00,Manali,Lost,Website,4,15734.0,32.12298552384346,77.11964051530322
ENQ00110,2026-05-05 07:54:00,Varanasi,Qualified,Instagram,6,81878.0,25.327678177320625,83.02695661038611
ENQ00111,2026-03-02 10:55:00,Kerala,Booked,Referral,3,61953.0,10.984820995831763,76.25189487476813
ENQ00112,2026-01-24 21:49:00,Varanasi,Contacted,Website,6,32989.0,25.248340022256873,82.90052808977349
ENQ00113,2026-01-31 21:01:00,Kerala,Lost,Google Ads,4,25913.0,10.795472324398057,76.44878214371802
ENQ00114,2026-01-21 20:48:00,Kerala,Contacted,Website,3,19743.0,10.911049886490757,76.360102548029
ENQ00115,2026-06-11 12:13:00,Kerala,Qualified,WhatsApp,2,118609.0,10.831381153025609,76.2709681054081
ENQ00116,2026-05-19 14:36:00,Udaipur,Booked,Referral,2,26400.0,24.64134116047668,73.67203609953754
ENQ00117,2026-01-19 07:56:00,Varanasi,Booked,Google Ads,2,22652.0,25.294295369076266,82.91992365469889
ENQ00118,2026-04-23 11:53:00,Udaipur,Qualified,Google Ads,5,45125.0,24.54960058401943,73.71641828900027
ENQ00119,2026-04-29 18:39:00,Goa,Booked,Website,3,19141.0,15.233563189906883,74.14687831833035
ENQ00120,2026-04-04 12:17:00,Varanasi,Qualified,WhatsApp,3,25718.0,25.340366539644087,82.95956010857151
ENQ00121,2026-04-20 14:31:00,Varanasi,Booked,Google Ads,3,62591.0,25.251403211554926,82.98229704391615
ENQ00122,2026-06-13 08:42:00,Goa,Booked,Website,3,49293.0,15.258907634963856,74.12772753336847
ENQ00123,2026-04-04 14:30:00,Ladakh,Booked,WhatsApp,5,33616.0,34.24045019739228,77.47676479063168
ENQ00124,2026-04-29 18:24:00,Goa,Lost,Website,3,40331.0,15.473178906951471,74.11819811265697
ENQ00125,2026-04-13 16:24:00,Goa,Qualified,Google Ads,3,32778.0,15.332247141912474,74.06377999278065
ENQ00126,2026-03-13 15:35:00,Ladakh,Contacted,Website,4,38899.0,34.24397692396333,77.56694988244395
ENQ00127,2026-06-10 21:02:00,Goa,Booked,Google Ads,4,28391.0,15.267770535216068,74.07795879829796
ENQ00128,2026-03-16 10:59:00,Manali,New,Website,3,30808.0,32.22172063793687,77.22266778583624
ENQ00129,2026-05-24 11:06:00,Manali,Contacted,Website,1,30389.0,32.25702485525045,77.18601122135118
ENQ00130,2026-04-19 16:59:00,Ladakh,Booked,Instagram,5,28854.0,34.09568628656402,77.515466122086
ENQ00131,2026-05-04 14:02:00,Manali,Qualified,WhatsApp,4,63984.0,32.20633005739362,77.22602205697285
ENQ00132,2026-05-17 22:30:00,Varanasi,Qualified,Website,4,56567.0,25.37058079006163,83.03766353575185
ENQ00133,2026-05-13 07:25:00,Udaipur,Lost,Google Ads,4,26293.0,24.585282648516895,73.74318495527343
ENQ00134,2026-04-12 08:34:00,Kerala,Contacted,Instagram,4,23369.0,10.837023943609367,76.13171616072573
ENQ00135,2026-04-21 12:26:00,Ladakh,New,WhatsApp,6,37267.0,34.13532585683685,77.54697386997138
ENQ00136,2026-04-02 14:53:00,Udaipur,New,Website,1,105505.0,24.502276383645675,73.66710846593978
ENQ00137,2026-03-03 21:00:00,Manali,Contacted,Google Ads,1,25189.0,32.254007313143276,77.09854025714519
ENQ00138,2026-05-11 14:59:00,Ladakh,Booked,WhatsApp,6,37201.0,34.09573716228673,77.70083216124422
ENQ00139,2026-06-08 13:41:00,Kerala,Booked,Website,6,41629.0,10.722283493929575,76.25644542723144
ENQ00140,2026-05-07 09:46:00,Jaipur,Booked,Instagram,3,38091.0,26.819095250738876,75.7271690561739
ENQ00141,2026-05-19 13:08:00,Goa,Contacted,WhatsApp,4,32547.0,15.283481021630552,74.04499391018969
ENQ00142,2026-05-30 15:03:00,Kerala,Qualified,Website,3,67267.0,10.896414449229315,76.3791920495818
ENQ00143,2026-03-08 16:23:00,Goa,New,Instagram,6,49077.0,15.36663425088822,74.20596904941766
ENQ00144,2026-01-12 16:19:00,Kerala,Booked,Website,3,58527.0,10.740121145677696,76.25165431825447
ENQ00145,2026-03-02 13:46:00,Manali,Booked,Referral,5,52149.0,32.280593685388276,77.25889527312916
ENQ00146,2026-05-16 09:53:00,Kerala,New,WhatsApp,3,59809.0,10.990768239408787,76.35662316733033
ENQ00147,2026-05-27 09:25:00,Jaipur,Booked,Google Ads,3,81603.0,26.984119089893913,75.99798764644315
ENQ00148,2026-04-03 09:46:00,Udaipur,Booked,Google Ads,5,72810.0,24.593104726528583,73.68937532494068
ENQ00149,2026-05-21 16:03:00,Manali,Contacted,Instagram,3,113868.0,32.25738863229284,77.11599577954506
ENQ00150,2026-01-14 20:44:00,Goa,Booked,Website,1,69178.0,15.304710702861426,73.9858518244978
ENQ00151,2026-04-26 21:05:00,Manali,Booked,Website,2,29596.0,32.200838477074576,77.17997328943476
ENQ00152,2026-05-03 11:40:00,Manali,New,Website,6,58567.0,32.319170823268244,77.27808724355091
ENQ00153,2026-04-02 08:22:00,Kerala,Contacted,Website,3,55068.0,10.773410634819914,76.43718267471709
ENQ00154,2026-05-09 17:24:00,Kerala,Booked,Google Ads,1,94918.0,10.86236987827516,76.29030359728246
ENQ00155,2026-03-30 07:16:00,Jaipur,Lost,Website,6,25885.0,26.782984521200934,75.7376954087904
ENQ00156,2026-04-05 17:24:00,Ladakh,Booked,Website,6,51416.0,34.2365859049226,77.59058227701705
ENQ00157,2026-04-19 13:52:00,Manali,Booked,Instagram,3,29441.0,32.25182517810023,77.20737377364604
ENQ00158,2026-05-23 20:48:00,Jaipur,Booked,Website,4,50376.0,26.796943655593118,75.77957131572788
ENQ00159,2026-02-14 17:20:00,Udaipur,Qualified,Website,5,36315.0,24.69806642842381,73.79943660976525
ENQ00160,2026-02-24 18:17:00,Kerala,New,Website,1,49632.0,10.840484044630752,76.39619349394893
ENQ00161,2026-03-17 13:30:00,Kerala,Qualified,Website,2,21205.0,10.749772119458529,76.19336418681151
ENQ00162,2026-02-06 20:41:00,Manali,Lost,Google Ads,4,57159.0,32.39228979017258,77.23543784946469
ENQ00163,2026-03-02 15:10:00,Manali,Booked,Referral,4,43886.0,32.22008901263182,77.18477451471718
ENQ00164,2026-03-05 17:43:00,Kerala,Lost,WhatsApp,2,42835.0,10.785969510949826,76.2932274081446
ENQ00165,2026-02-26 12:56:00,Jaipur,New,Referral,1,96205.0,26.92819107570492,75.78889077678902
ENQ00166,2026-03-15 14:50:00,Goa,Qualified,Google Ads,6,33675.0,15.206519502783113,74.14518048888552
ENQ00167,2026-04-01 20:32:00,Ladakh,Booked,WhatsApp,4,46661.0,34.110239085406235,77.49812181916086
ENQ00168,2026-05-06 13:19:00,Kerala,Contacted,Instagram,5,41846.0,10.951839399322989,76.44467770862683
ENQ00169,2026-02-24 07:19:00,Manali,Contacted,Google Ads,3,43728.0,32.39860961030557,77.24120982110098
ENQ00170,2026-06-02 13:44:00,Goa,Booked,Instagram,4,108711.0,15.278053193673665,74.11837155339163
ENQ00171,2026-03-28 13:27:00,Varanasi,Booked,Website,3,41165.0,25.350048181076982,82.94028017980311
ENQ00172,2026-05-10 13:06:00,Goa,Booked,Website,3,30988.0,15.404804804809793,73.96114180045372
ENQ00173,2026-01-21 08:40:00,Goa,Contacted,Website,5,92831.0,15.275641955681007,74.18808571936538
ENQ00174,2026-02-01 09:08:00,Goa,Qualified,Referral,6,34828.0,15.231687228217615,74.10478808870577
ENQ00175,2026-03-23 12:59:00,Varanasi,New,Website,5,19425.0,25.365091473299454,83.09536152856302
ENQ00176,2026-03-07 13:25:00,Kerala,New,Google Ads,5,28660.0,10.746984937426701,76.16165404097961
ENQ00177,2026-03-31 07:20:00,Jaipur,Qualified,WhatsApp,1,22826.0,26.836717584972813,75.66429713195934
ENQ00178,2026-01-29 13:03:00,Jaipur,Contacted,Instagram,4,17795.0,26.795089723567084,75.70948710418443
ENQ00179,2026-03-27 12:10:00,Kerala,Lost,Website,6,33972.0,10.94917948385968,76.2461338545545
ENQ00180,2026-05-04 07:56:00,Kerala,Qualified,Instagram,3,38756.0,10.853010008492529,76.19466285945967
ENQ00181,2026-05-12 11:32:00,Varanasi,New,Instagram,4,68041.0,25.368282966005165,83.12396112222662
ENQ00182,2026-02-14 11:54:00,Goa,New,WhatsApp,2,53096.0,15.228289609276846,74.26197986968597
ENQ00183,2026-03-03 09:57:00,Varanasi,Booked,Google Ads,2,52019.0,25.346753950653426,82.9752490799431
ENQ00184,2026-04-05 19:02:00,Ladakh,New,Referral,5,26761.0,34.18460990658602,77.60824211991736
ENQ00185,2026-04-04 08:22:00,Kerala,Contacted,Instagram,2,59567.0,10.99906835352506,76.31271765854574
ENQ00186,2026-05-23 16:50:00,Goa,Qualified,Google Ads,4,74809.0,15.342588573691279,74.09028001440299
ENQ00187,2026-03-12 17:29:00,Varanasi,Contacted,Referral,4,47772.0,25.38472617091715,82.89735224211016
ENQ00188,2026-05-01 19:30:00,Goa,Booked,Website,6,48376.0,15.308020319166369,74.35466268446247
ENQ00189,2026-06-09 15:34:00,Jaipur,Qualified,Website,6,22641.0,26.712064806428298,75.80595175970684
ENQ00190,2026-02-23 15:42:00,Goa,New,Website,4,64288.0,15.321029833670313,74.10575287660102
ENQ00191,2026-05-29 19:56:00,Ladakh,Booked,Instagram,1,89144.0,34.13623845911461,77.58431278185292
ENQ00192,2026-03-01 20:53:00,Manali,Qualified,WhatsApp,4,46257.0,32.223039737962836,77.20695837830569
ENQ00193,2026-03-02 10:37:00,Ladakh,Booked,Google Ads,6,30613.0,34.11359114353465,77.73879142549977
ENQ00194,2026-04-28 19:34:00,Manali,New,Instagram,3,37188.0,32.22303890053622,77.23476891260998
ENQ00195,2026-04-22 14:21:00,Manali,Booked,WhatsApp,4,33105.0,32.189677112012546,77.26385144243208
ENQ00196,2026-04-09 08:06:00,Jaipur,Contacted,Website,5,34011.0,26.97107742298811,75.82084081892258
ENQ00197,2026-02-11 16:42:00,Kerala,Qualified,Website,3,53542.0,10.768313171502518,76.21090775675492
ENQ00198,2026-01-18 22:00:00,Jaipur,Contacted,WhatsApp,3,45360.0,27.047293838859694,75.72622210338315
ENQ00199,2026-06-13 09:41:00,Manali,Lost,WhatsApp,3,62844.0,32.294472173617,77.1136262935855
ENQ00200,2026-06-07 07:29:00,Goa,Contacted,Google Ads,6,47266.0,15.379970658848142,74.0690882114002
ENQ00201,2026-06-09 21:47:00,Manali,Lost,Website,3,27114.0,32.166144968996804,77.13221260186425
ENQ00202,2026-04-03 16:56:00,Kerala,Lost,WhatsApp,2,31931.0,10.806195792267118,76.30347386839394
ENQ00203,2026-06-09 10:33:00,Jaipur,Qualified,Referral,4,31050.0,26.917950696491026,75.69968751360697
ENQ00204,2026-03-27 19:34:00,Goa,Contacted,Google Ads,5,36781.0,15.297064238896095,74.03251988741671
ENQ00205,2026-01-14 13:29:00,Ladakh,Qualified,Website,6,89703.0,34.20408458920008,77.6431522319098
ENQ00206,2026-02-05 12:22:00,Jaipur,Lost,Instagram,6,96408.0,26.910484212916053,75.80903227223942
ENQ00207,2026-02-19 11:05:00,Goa,Booked,Referral,5,58285.0,15.439469928853153,74.11139176060863
ENQ00208,2026-03-09 16:01:00,Goa,Qualified,WhatsApp,5,42196.0,15.22375936399593,74.17033561887501
ENQ00209,2026-06-19 09:43:00,Manali,New,Google Ads,3,21674.0,32.15258769873878,77.17235448293816
ENQ00210,2026-03-01 12:54:00,Varanasi,Lost,Google Ads,3,44163.0,25.269680796313317,82.91775441334329
ENQ00211,2026-04-21 11:03:00,Goa,New,Google Ads,4,28033.0,15.27929299234844,74.19599130609713
ENQ00212,2026-02-18 07:19:00,Manali,New,Google Ads,5,83314.0,32.33165350306594,77.26329646904725
ENQ00213,2026-04-26 19:36:00,Kerala,Contacted,Instagram,4,19417.0,10.877408327130274,76.25048267508899
ENQ00214,2026-04-13 07:42:00,Goa,Qualified,Website,2,47555.0,15.110674000368004,74.15341287946218
ENQ00215,2026-01-28 22:44:00,Ladakh,Lost,Website,1,26990.0,33.970253462019286,77.42313061788215
ENQ00216,2026-03-25 08:41:00,Ladakh,Booked,Referral,1,39829.0,34.13966658753704,77.59816617957044
ENQ00217,2026-01-19 12:05:00,Jaipur,Contacted,Website,3,53980.0,26.87631320769366,75.91014249188751
ENQ00218,2026-06-10 08:15:00,Goa,Qualified,Website,5,63356.0,15.33626813260148,74.10404736745637
ENQ00219,2026-05-07 12:28:00,Goa,Booked,WhatsApp,5,38922.0,15.410204795614543,74.24920906780513
ENQ00220,2026-06-19 16:03:00,Goa,Qualified,Google Ads,5,56341.0,15.340304695477974,74.0619793872194
ENQ00221,2026-06-07 08:20:00,Manali,New,Website,5,29689.0,32.199178365518264,77.07346090296053
ENQ00222,2026-02-09 15:23:00,Kerala,Qualified,Website,1,44673.0,10.84710664961596,76.18709668468445
ENQ00223,2026-05-08 19:58:00,Manali,Booked,Referral,6,62795.0,32.21687401846428,77.21004802424441
ENQ00224,2026-01-19 14:19:00,Goa,Lost,Instagram,6,46448.0,15.140603308639685,74.0229006985183
ENQ00225,2026-06-22 08:58:00,Goa,Booked,Instagram,6,31522.0,15.258752155613175,74.11979781050213
ENQ00226,2026-05-22 18:42:00,Ladakh,New,Instagram,3,35280.0,34.11308873602095,77.55535856548909
ENQ00227,2026-05-03 09:41:00,Ladakh,Booked,Website,2,63176.0,34.096105024309956,77.46104801265531
ENQ00228,2026-06-29 07:49:00,Jaipur,Contacted,Referral,6,24472.0,26.869619937808665,75.77024651800558
ENQ00229,2026-06-02 13:50:00,Kerala,Lost,Website,2,26152.0,10.8256687917115,76.28004367350373
ENQ00230,2026-06-05 11:13:00,Manali,Qualified,Instagram,5,52436.0,32.27671156563802,77.24373809815174
ENQ00231,2026-01-19 07:25:00,Varanasi,Contacted,Website,6,32827.0,25.266915933159087,82.84783625568642
ENQ00232,2026-01-05 19:31:00,Kerala,Qualified,Website,6,20801.0,10.952227709258288,76.30193567324889
ENQ00233,2026-06-22 16:58:00,Ladakh,Contacted,Website,4,73461.0,34.076227011906084,77.5992164045194
ENQ00234,2026-02-15 21:02:00,Jaipur,Contacted,WhatsApp,6,24387.0,26.997839578661452,75.92563412201915
ENQ00235,2026-03-18 14:28:00,Goa,Booked,Website,5,36567.0,15.31934882209262,74.20877365098798
ENQ00236,2026-01-08 14:12:00,Ladakh,Booked,Website,6,30268.0,34.05583183421482,77.57412777987227
ENQ00237,2026-04-23 20:12:00,Goa,Lost,Website,3,34985.0,15.272498988059494,74.15140558813633
ENQ00238,2026-05-28 08:45:00,Jaipur,Qualified,Referral,4,26864.0,27.0412955148349,75.80729115154234
ENQ00239,2026-06-01 12:12:00,Varanasi,New,Instagram,5,55164.0,25.24258474085865,82.87282491360929
ENQ00240,2026-04-15 19:47:00,Udaipur,Qualified,WhatsApp,2,42045.0,24.717062405020314,73.75360347299082
ENQ00241,2026-04-30 11:59:00,Varanasi,Qualified,Google Ads,2,62273.0,25.353446507758004,82.94640148891534
ENQ00242,2026-04-03 21:46:00,Udaipur,Contacted,Google Ads,3,30409.0,24.606828942773426,73.63354320750986
ENQ00243,2026-03-22 11:10:00,Varanasi,Lost,Google Ads,3,104453.0,25.34857586845629,82.87991038907408
ENQ00244,2026-04-10 13:08:00,Jaipur,Lost,Website,5,16976.0,26.88365692439778,75.73586854810725
ENQ00245,2026-06-18 21:26:00,Kerala,New,WhatsApp,6,19601.0,10.589910588586674,76.24335850987732
ENQ00246,2026-02-15 10:33:00,Udaipur,Booked,WhatsApp,1,88038.0,24.513490686042967,73.69566880928875
ENQ00247,2026-03-26 22:46:00,Ladakh,Booked,Website,2,49511.0,34.152737824038546,77.71843455543852
ENQ00248,2026-04-19 07:25:00,Goa,Contacted,Google Ads,6,46642.0,15.323676719772601,74.15072901063868
ENQ00249,2026-04-13 11:10:00,Jaipur,Booked,Website,4,48567.0,26.95204910681754,75.85704468097929
ENQ00250,2026-01-06 16:59:00,Udaipur,New,Google Ads,2,51724.0,24.62174235630836,73.73503704195393
ENQ00251,2026-02-21 16:54:00,Goa,New,Referral,4,45777.0,15.356199753485052,73.92986924633351
ENQ00252,2026-04-27 21:39:00,Jaipur,Lost,WhatsApp,6,25899.0,27.079524126662307,75.91447838757708
ENQ00253,2026-05-05 22:41:00,Udaipur,Booked,Website,3,57804.0,24.602770860148745,73.59945948396731
ENQ00254,2026-05-13 17:56:00,Manali,Contacted,Google Ads,3,53849.0,32.340028034599435,77.13368988007483
ENQ00255,2026-06-28 17:28:00,Goa,Qualified,Google Ads,4,76071.0,15.342007281325996,74.02136755185715
ENQ00256,2026-05-02 12:08:00,Jaipur,Lost,Website,6,88481.0,27.09051255191785,75.67192265903131
ENQ00257,2026-04-15 19:36:00,Jaipur,Qualified,Google Ads,4,46414.0,26.917918885625323,75.61752502283909
ENQ00258,2026-03-01 17:27:00,Udaipur,Lost,Google Ads,6,23023.0,24.582102203824295,73.67847718358894
ENQ00259,2026-03-08 07:47:00,Manali,Lost,Referral,5,88811.0,32.33417467151248,77.15516964547265
ENQ00260,2026-05-29 20:46:00,Goa,Contacted,WhatsApp,3,25298.0,15.390389886627707,74.04207035459291
ENQ00261,2026-03-26 12:28:00,Goa,Booked,Website,3,46570.0,15.276743071756421,74.10304703216636
ENQ00262,2026-05-09 14:22:00,Goa,Booked,Website,5,35636.0,15.338947060450634,74.15346995411257
ENQ00263,2026-01-23 14:25:00,Jaipur,Booked,Website,1,32954.0,26.97017801239387,75.80864644826318
ENQ00264,2026-01-24 20:37:00,Goa,Contacted,Website,2,56419.0,15.35220518612905,74.05217088570454
ENQ00265,2026-02-08 11:38:00,Kerala,New,Instagram,2,44651.0,10.8816038933505,76.39975647419566
ENQ00266,2026-02-05 13:30:00,Goa,New,WhatsApp,5,50392.0,15.164900578608993,74.16312063639751
ENQ00267,2026-04-20 07:31:00,Goa,Booked,Instagram,5,27711.0,15.35344238223505,74.24089491019772
ENQ00268,2026-04-25 12:59:00,Manali,Booked,Google Ads,5,36986.0,32.30128375466322,77.1972252753727
ENQ00269,2026-04-11 08:15:00,Manali,Booked,Instagram,1,28292.0,32.27760585564081,77.1303969732351
ENQ00270,2026-02-22 16:10:00,Jaipur,Booked,Website,2,36573.0,26.881362554211382,75.68044377282384
ENQ00271,2026-04-14 21:47:00,Jaipur,New,Referral,2,37918.0,27.03136236114754,75.82331258551606
ENQ00272,2026-01-22 14:56:00,Jaipur,New,Google Ads,1,91727.0,26.839111003174033,75.80900855701302
ENQ00273,2026-03-27 21:36:00,Goa,Booked,Instagram,2,35593.0,15.392047816799547,74.20342338603635
ENQ00274,2026-01-28 22:24:00,Varanasi,Qualified,WhatsApp,3,15369.0,25.24338891094669,82.72319289472964
ENQ00275,2026-01-14 07:20:00,Jaipur,Booked,Instagram,6,74939.0,26.94403088679171,75.71635042945294
ENQ00276,2026-01-30 15:28:00,Udaipur,New,Website,2,48962.0,24.63518620047844,73.7885216310669
ENQ00277,2026-01-21 15:03:00,Varanasi,Qualified,Instagram,6,37710.0,25.40669064889307,83.11347923887828
ENQ00278,2026-03-28 13:31:00,Jaipur,Lost,Google Ads,5,32856.0,27.011308553446185,75.92726390630273
ENQ00279,2026-04-09 20:16:00,Jaipur,New,Instagram,1,26122.0,27.022724827458827,75.90459740592178
ENQ00280,2026-04-20 13:15:00,Goa,New,WhatsApp,2,95679.0,15.296030548856178,74.02085388550141
ENQ00281,2026-03-21 07:33:00,Jaipur,Booked,Google Ads,3,40944.0,27.110981620358594,75.79233623481728
ENQ00282,2026-02-01 15:57:00,Kerala,Booked,Instagram,6,18300.0,10.94879664511794,76.22707801351807
ENQ00283,2026-01-04 10:12:00,Jaipur,Lost,WhatsApp,5,46357.0,26.989513795403653,75.5917029339968
ENQ00284,2026-05-09 12:54:00,Udaipur,Lost,Instagram,6,68831.0,24.552564528719923,73.70462711332863
ENQ00285,2026-06-26 15:31:00,Manali,Booked,Instagram,2,42917.0,32.28020870146442,77.27496197412809
ENQ00286,2026-02-20 18:58:00,Varanasi,New,Website,6,26660.0,25.230068566269573,83.02669745511362
ENQ00287,2026-02-06 11:22:00,Varanasi,Qualified,Instagram,6,25608.0,25.41573335813094,83.16157292662034
ENQ00288,2026-02-26 13:59:00,Manali,Lost,Instagram,4,26472.0,32.299730238707006,77.1524395214815
ENQ00289,2026-02-08 08:39:00,Ladakh,Qualified,Website,1,79331.0,34.05085882743134,77.72333618382922
ENQ00290,2026-02-10 13:40:00,Ladakh,Lost,Google Ads,2,38731.0,34.21158735484744,77.57524194947358
ENQ00291,2026-03-31 16:33:00,Goa,Booked,Website,1,18792.0,15.169714536462255,74.04950528392816
ENQ00292,2026-05-22 16:27:00,Jaipur,New,Website,5,47548.0,26.962905623101918,75.81560664193007
ENQ00293,2026-05-09 11:31:00,Manali,Qualified,Google Ads,2,42621.0,32.087493475282685,77.23980900452014
ENQ00294,2026-06-22 07:51:00,Goa,Booked,Website,5,32684.0,15.173825084142404,74.23232072548818
ENQ00295,2026-03-06 16:47:00,Kerala,New,Google Ads,2,25272.0,10.867184473192397,76.23402628410005
ENQ00296,2026-03-30 17:01:00,Manali,Contacted,Google Ads,6,24782.0,32.322412347128854,77.21747994307566
ENQ00297,2026-03-10 08:41:00,Manali,Booked,Website,5,65226.0,32.3491942086804,77.19563804907116
ENQ00298,2026-01-08 15:50:00,Udaipur,New,Website,3,44713.0,24.596505549312457,73.68967996539217
ENQ00299,2026-03-11 08:44:00,Goa,Contacted,Instagram,3,49614.0,15.320337371421374,74.25983607038313
ENQ00300,2026-02-16 14:29:00,Kerala,Booked,Website,1,44657.0,10.810278866395116,76.32293641194646
ENQ00301,2026-03-28 17:20:00,Goa,Booked,Instagram,1,46355.0,15.228864513359364,73.95866143058572
ENQ00302,2026-01-29 18:40:00,Udaipur,Qualified,Referral,6,32398.0,24.60199669922961,73.74213243387756
ENQ00303,2026-05-14 18:39:00,Kerala,Lost,Google Ads,5,36461.0,10.841695898444602,76.15142120233823
ENQ00304,2026-06-01 19:22:00,Jaipur,Lost,Instagram,6,67565.0,26.93674408597133,75.80860509073116
ENQ00305,2026-06-22 10:24:00,Kerala,Qualified,WhatsApp,4,75599.0,10.779397549512595,76.16282067428216
ENQ00306,2026-01-16 20:22:00,Goa,New,Website,2,23079.0,15.279108965783523,74.17623433974222
ENQ00307,2026-01-22 12:02:00,Varanasi,Booked,WhatsApp,1,36422.0,25.35093237854336,82.90343304017327
ENQ00308,2026-06-23 12:01:00,Kerala,Contacted,Referral,5,58356.0,10.861454006801761,76.34207011243805
ENQ00309,2026-06-02 19:04:00,Manali,Lost,Instagram,2,93300.0,32.14938674325866,77.19425242944345
ENQ00310,2026-04-16 12:25:00,Varanasi,Booked,Website,1,89189.0,25.42477127841367,82.8719054275765
ENQ00311,2026-02-27 08:30:00,Udaipur,Qualified,Website,1,27960.0,24.67784210328396,73.8420349961858
ENQ00312,2026-04-04 18:24:00,Udaipur,Booked,WhatsApp,4,70998.0,24.56762355798633,73.6850593104787
ENQ00313,2026-04-07 17:57:00,Kerala,Qualified,Website,6,41070.0,10.933147553521565,76.25620956999764
ENQ00314,2026-06-02 16:13:00,Varanasi,Lost,WhatsApp,3,63999.0,25.12934986394439,82.96599643242483
ENQ00315,2026-04-06 09:23:00,Manali,Contacted,Instagram,6,57032.0,32.28083231745557,77.2484067082866
ENQ00316,2026-01-05 17:14:00,Udaipur,Lost,Instagram,3,22649.0,24.514949666819845,73.6909159104422
ENQ00317,2026-05-06 10:17:00,Udaipur,New,Google Ads,5,51232.0,24.663552581132183,73.70770011028694
ENQ00318,2026-05-20 15:35:00,Jaipur,Booked,Website,2,62894.0,26.79010096048313,75.88631104076963
ENQ00319,2026-02-23 15:18:00,Goa,Lost,Instagram,4,39639.0,15.28217111820982,74.2112975021745
ENQ00320,2026-01-21 19:19:00,Goa,Qualified,WhatsApp,2,35803.0,15.187663464330676,74.11432106019286
ENQ00321,2026-01-26 22:40:00,Goa,New,Website,5,19720.0,15.34007888189418,74.11702841107991
ENQ00322,2026-06-01 10:49:00,Manali,Booked,WhatsApp,3,54408.0,32.14855950381432,76.99825573545252
ENQ00323,2026-03-22 08:12:00,Goa,Lost,WhatsApp,1,43940.0,15.42116121036027,74.14384305615211
ENQ00324,2026-04-06 15:06:00,Kerala,Contacted,Website,2,26414.0,10.943844084223292,76.34539352794884
ENQ00325,2026-06-22 22:14:00,Jaipur,Qualified,Google Ads,3,34545.0,26.960147746089568,75.76159301158823
ENQ00326,2026-01-12 09:34:00,Goa,Booked,Website,3,42880.0,15.338481354051131,74.23860295570965
ENQ00327,2026-02-07 14:57:00,Kerala,Contacted,Google Ads,2,31109.0,10.857140874261901,76.42323608355194
ENQ00328,2026-05-30 13:09:00,Manali,Booked,WhatsApp,4,40048.0,32.123246249082655,77.060647311099
ENQ00329,2026-04-08 12:02:00,Manali,Qualified,WhatsApp,6,18200.0,32.322246017161554,77.12370056507832
ENQ00330,2026-01-05 17:31:00,Udaipur,New,WhatsApp,5,73414.0,24.748866953634302,73.81948730969864
ENQ00331,2026-05-07 11:59:00,Ladakh,Lost,Website,2,40287.0,34.279605720540644,77.6477549044441
ENQ00332,2026-01-25 14:33:00,Kerala,Contacted,Google Ads,5,24390.0,10.776773310106377,76.13835267198918
ENQ00333,2026-05-21 20:55:00,Jaipur,Lost,Website,6,13224.0,27.032023573535124,75.66733454351903
ENQ00334,2026-05-24 13:38:00,Jaipur,Booked,WhatsApp,2,63560.0,27.0391908550182,75.84086918081834
ENQ00335,2026-05-29 07:01:00,Ladakh,Qualified,Website,2,51420.0,34.14649978769439,77.61236381474683
ENQ00336,2026-03-25 21:25:00,Varanasi,Qualified,Website,1,43978.0,25.354823274835926,82.95770716891303
ENQ00337,2026-02-18 11:46:00,Varanasi,Qualified,Website,6,58999.0,25.431654978793542,83.08521206884797
ENQ00338,2026-06-08 19:30:00,Varanasi,Booked,Website,5,58926.0,25.330052744145675,82.92590044906397
ENQ00339,2026-04-11 19:11:00,Goa,Booked,Website,3,43658.0,15.403776323552345,73.9621951695889
ENQ00340,2026-04-25 15:10:00,Manali,Booked,Website,6,35676.0,32.27871140856091,77.24836600865672
ENQ00341,2026-01-25 08:39:00,Udaipur,Qualified,WhatsApp,4,33154.0,24.519131853217758,73.79040283899502
ENQ00342,2026-04-23 22:27:00,Ladakh,Contacted,Referral,6,48342.0,34.150489131094666,77.53334399024406
ENQ00343,2026-04-15 17:34:00,Goa,New,Website,6,75004.0,15.376357867173095,74.03714524570418
ENQ00344,2026-02-22 13:22:00,Kerala,Booked,Referral,6,38190.0,10.92003546692511,76.11251230289446
ENQ00345,2026-05-19 20:20:00,Goa,Qualified,Instagram,3,77734.0,15.322156355738496,74.12750751649708
ENQ00346,2026-01-25 19:39:00,Ladakh,Qualified,Referral,4,47314.0,34.10942433865074,77.60816998943112
ENQ00347,2026-05-10 19:00:00,Goa,Qualified,Website,2,47474.0,15.292934389650577,74.20837565018444
ENQ00348,2026-06-23 09:26:00,Varanasi,Qualified,Google Ads,6,118058.0,25.362412079104274,83.01011553862995
ENQ00349,2026-04-13 17:22:00,Goa,Booked,Instagram,2,84149.0,15.322648896284816,74.08622668347623
ENQ00350,2026-01-19 11:46:00,Kerala,Booked,Website,3,85136.0,10.826355716001945,76.29095726721768
ENQ00351,2026-04-10 08:43:00,Kerala,Lost,Google Ads,4,27937.0,10.83663124103143,76.36001622643464
ENQ00352,2026-04-06 12:25:00,Goa,New,Referral,5,107271.0,15.3067760151635,74.154077328626
ENQ00353,2026-04-10 08:15:00,Udaipur,Booked,Referral,5,38547.0,24.473185285288356,73.78795842176484
ENQ00354,2026-02-19 08:14:00,Ladakh,New,Instagram,6,36108.0,34.106106112506055,77.49358771341626
ENQ00355,2026-04-23 18:12:00,Udaipur,Booked,Instagram,5,15138.0,24.717094880729007,73.76830972179461
ENQ00356,2026-02-17 15:16:00,Goa,Booked,Referral,5,46326.0,15.377467657511342,74.16035969463258
ENQ00357,2026-04-11 13:45:00,Varanasi,Qualified,Website,4,24566.0,25.310147936327702,82.9515316793555
ENQ00358,2026-04-18 10:02:00,Kerala,Booked,Website,3,48067.0,10.912828814836534,76.36170152337907
ENQ00359,2026-04-27 19:01:00,Kerala,Qualified,Instagram,6,23717.0,10.845045300165932,76.43690342917607
ENQ00360,2026-05-24 17:32:00,Manali,Contacted,Website,3,89823.0,32.22741451602314,77.0776793244088
ENQ00361,2026-06-08 16:13:00,Kerala,Qualified,Instagram,4,51269.0,10.712778180720482,76.13607797056966
ENQ00362,2026-05-20 10:49:00,Jaipur,New,Website,2,111589.0,26.879295056594202,75.76873855831099
ENQ00363,2026-05-24 08:45:00,Manali,Lost,Google Ads,3,25242.0,32.29780797101439,77.1869113571797
ENQ00364,2026-06-06 08:46:00,Goa,Booked,Google Ads,3,80319.0,15.366769682770736,74.12759142660983
ENQ00365,2026-02-13 07:27:00,Goa,Booked,Referral,2,17773.0,15.30038171409015,74.07779881007932
ENQ00366,2026-02-22 22:26:00,Jaipur,Lost,Google Ads,5,43926.0,27.026207076831827,75.66478125627376
ENQ00367,2026-04-06 12:25:00,Goa,Booked,Instagram,5,30104.0,15.32340482325711,74.10946796306006
ENQ00368,2026-03-25 17:11:00,Udaipur,Qualified,WhatsApp,5,32698.0,24.64794036780036,73.71083364790753
ENQ00369,2026-05-07 22:34:00,Kerala,New,Referral,1,31704.0,10.851191496449273,76.24976883021523
ENQ00370,2026-01-02 21:51:00,Jaipur,Qualified,Google Ads,2,26503.0,27.02386051233056,75.78749247080482
ENQ00371,2026-01-26 12:15:00,Udaipur,Lost,Website,2,22692.0,24.742972096929076,73.73427976653021
ENQ00372,2026-05-15 14:03:00,Ladakh,Lost,Google Ads,5,32779.0,34.154340787263784,77.56537384321165
ENQ00373,2026-05-28 14:33:00,Ladakh,Booked,Google Ads,6,42144.0,34.197739751974815,77.52992853016742
ENQ00374,2026-02-24 07:23:00,Udaipur,Contacted,Google Ads,3,67528.0,24.59705939192312,73.71315096112863
ENQ00375,2026-02-25 19:47:00,Ladakh,Contacted,Referral,2,45686.0,34.17861981594122,77.60500242610094
ENQ00376,2026-04-12 16:51:00,Kerala,Lost,WhatsApp,4,67615.0,10.882659590414713,76.27869237969387
ENQ00377,2026-03-27 12:57:00,Ladakh,New,WhatsApp,6,20567.0,34.27811547938795,77.61080550529459
ENQ00378,2026-01-31 15:23:00,Ladakh,Booked,Google Ads,3,32919.0,34.361078903068744,77.58098811268526
ENQ00379,2026-04-01 18:54:00,Goa,Qualified,WhatsApp,2,55082.0,15.376013063396414,74.06591606333002
ENQ00380,2026-05-28 07:07:00,Ladakh,Contacted,WhatsApp,4,46680.0,34.2646631404249,77.52065728505804
ENQ00381,2026-05-12 17:22:00,Udaipur,Booked,Website,6,27149.0,24.621870241436486,73.69134582387487
ENQ00382,2026-05-28 20:15:00,Udaipur,Lost,Google Ads,5,60899.0,24.62156062376935,73.69371630105029
ENQ00383,2026-04-26 18:55:00,Ladakh,Booked,Website,4,31494.0,34.0894597684863,77.55527261681617
ENQ00384,2026-06-07 16:36:00,Manali,Qualified,Website,5,28193.0,32.36652640993133,77.22658210148042
ENQ00385,2026-02-14 08:21:00,Manali,Qualified,Website,1,49800.0,32.14009199760967,77.2768306160992
ENQ00386,2026-01-09 18:09:00,Kerala,Lost,Instagram,5,40111.0,10.779178865573819,76.33056874304465
ENQ00387,2026-01-21 19:46:00,Varanasi,Booked,Website,1,31613.0,25.36185321180767,83.02320483730011
ENQ00388,2026-06-28 14:39:00,Ladakh,Qualified,Website,3,31134.0,34.30085513329345,77.51070872600783
ENQ00389,2026-04-26 16:51:00,Ladakh,Booked,Website,3,24716.0,34.20146358207094,77.67776708899459
ENQ00390,2026-02-14 16:26:00,Varanasi,Contacted,Google Ads,5,33475.0,25.26613266387001,82.9142397135588
ENQ00391,2026-06-03 08:08:00,Ladakh,New,WhatsApp,2,65620.0,34.12962499689821,77.60297864286576
ENQ00392,2026-02-25 11:20:00,Goa,Lost,WhatsApp,2,44653.0,15.186461898083124,74.16811215926866
ENQ00393,2026-04-18 19:37:00,Ladakh,Booked,Instagram,6,61574.0,34.03992906066034,77.68046646606459
ENQ00394,2026-02-14 22:14:00,Jaipur,New,Website,3,50456.0,26.95350134624721,75.94035118977085
ENQ00395,2026-01-18 11:04:00,Kerala,Contacted,WhatsApp,5,30367.0,10.904002700848745,76.24671916391033
ENQ00396,2026-02-18 13:49:00,Jaipur,Lost,Website,4,19044.0,26.84850582918259,75.80641128464623
ENQ00397,2026-02-11 21:31:00,Kerala,Booked,WhatsApp,4,26359.0,10.84807995292177,76.36599112279019
ENQ00398,2026-04-10 09:23:00,Manali,Booked,Google Ads,5,29572.0,32.168910494691616,77.35087216003687
ENQ00399,2026-01-04 11:33:00,Jaipur,New,Instagram,5,28560.0,27.014382155337202,75.77101810957943
ENQ00400,2026-02-13 07:44:00,Kerala,Lost,Website,6,62199.0,10.99432567181101,76.20844975239542
ENQ00401,2026-04-13 10:00:00,Varanasi,Lost,Website,5,61908.0,25.334047183193217,82.87178231587443
ENQ00402,2026-03-12 17:26:00,Goa,Qualified,Google Ads,2,108226.0,15.447025540504113,73.99220905495352
ENQ00403,2026-04-25 12:15:00,Varanasi,Contacted,Instagram,2,28366.0,25.202364664299026,82.9231229514351
ENQ00404,2026-04-29 22:05:00,Goa,Booked,WhatsApp,6,82083.0,15.405085893974093,74.20038759088631
ENQ00405,2026-06-23 21:02:00,Jaipur,Lost,Google Ads,3,81855.0,26.92216405025833,75.86881409689339
ENQ00406,2026-05-31 21:26:00,Goa,Booked,Instagram,2,36030.0,15.290066902023108,74.15779430234143
ENQ00407,2026-02-11 18:32:00,Kerala,Lost,Website,1,49500.0,10.98263808605249,76.25137049014367
ENQ00408,2026-05-05 18:30:00,Udaipur,Booked,Instagram,4,69910.0,24.524090190338264,73.75012973714617
ENQ00409,2026-04-23 15:46:00,Kerala,Contacted,Website,4,38953.0,10.909721944599324,76.27993581897162
ENQ00410,2026-04-17 22:27:00,Udaipur,Qualified,Google Ads,5,37619.0,24.665670505096482,73.69639926910132
ENQ00411,2026-05-24 08:35:00,Kerala,Booked,Google Ads,5,30162.0,10.86070368076668,76.3010659906051
ENQ00412,2026-01-27 18:48:00,Udaipur,Contacted,Referral,5,13830.0,24.608388883042995,73.84156173034312
ENQ00413,2026-03-09 09:39:00,Ladakh,Contacted,Instagram,4,41289.0,34.18216450000003,77.55268782920629
ENQ00414,2026-05-27 12:54:00,Manali,Booked,Website,6,29062.0,32.28543853611928,77.2699080672216
ENQ00415,2026-06-10 11:13:00,Goa,Qualified,Referral,6,24655.0,15.361238835321505,74.18150460569304
ENQ00416,2026-01-07 16:47:00,Jaipur,Booked,Google Ads,5,48369.0,26.792555988518878,75.58789899065277
ENQ00417,2026-03-26 19:41:00,Kerala,New,Google Ads,3,20817.0,10.95252116308965,76.30620859569649
ENQ00418,2026-02-17 08:34:00,Kerala,Contacted,Google Ads,2,57490.0,10.84877380667078,76.32664504222241
ENQ00419,2026-01-31 16:00:00,Goa,Contacted,WhatsApp,1,49725.0,15.453484794853274,74.2370824932677
ENQ00420,2026-01-11 10:32:00,Ladakh,Booked,Website,6,33408.0,34.22957764582416,77.50606194937339
ENQ00421,2026-04-07 08:51:00,Ladakh,Booked,Instagram,5,38876.0,34.09205673576241,77.38608762549057
ENQ00422,2026-05-01 13:38:00,Goa,Qualified,Referral,6,23413.0,15.349981077910794,74.2126901757969
ENQ00423,2026-04-06 16:00:00,Goa,Qualified,Website,5,56066.0,15.39451424369532,74.17803443770214
ENQ00424,2026-03-08 10:17:00,Goa,New,Referral,3,43519.0,15.286974651341815,74.07885780304719
ENQ00425,2026-05-19 13:34:00,Manali,Booked,Instagram,1,45002.0,32.17717081631274,77.17612601206679
ENQ00426,2026-04-28 22:48:00,Udaipur,Lost,Website,1,50136.0,24.507173899688283,73.85297632520069
ENQ00427,2026-06-13 12:26:00,Kerala,Booked,Website,5,29958.0,10.746310275754752,76.25533573784887
ENQ00428,2026-03-04 22:51:00,Jaipur,Contacted,WhatsApp,2,20192.0,26.75750252692553,75.81102438890385
ENQ00429,2026-02-13 20:47:00,Manali,Booked,Referral,3,61539.0,32.24300930321943,77.16065677170883
ENQ00430,2026-03-24 12:16:00,Jaipur,Contacted,Website,6,54533.0,26.837777338717597,75.78749694684701
ENQ00431,2026-04-02 16:11:00,Manali,New,Website,3,31436.0,32.19964312879886,77.17825056885067
ENQ00432,2026-03-24 18:54:00,Manali,New,Website,6,48085.0,32.39979440015344,77.2029741772714
ENQ00433,2026-05-30 14:35:00,Kerala,New,Website,4,70455.0,10.893129376637923,76.23394281794556
ENQ00434,2026-01-09 13:50:00,Kerala,Contacted,Referral,5,66773.0,10.78774515922602,76.26926338292411
ENQ00435,2026-04-05 12:55:00,Ladakh,Booked,Website,1,31026.0,34.352914080388175,77.55400578440847
ENQ00436,2026-03-19 09:25:00,Jaipur,Contacted,Website,3,20470.0,26.941315024269187,75.72102811879276
ENQ00437,2026-02-07 07:02:00,Udaipur,Booked,Website,2,22112.0,24.36497823692786,73.64931349344548
ENQ00438,2026-04-26 12:54:00,Jaipur,Lost,Google Ads,1,34765.0,27.102856762188303,75.83493122357798
ENQ00439,2026-05-25 19:35:00,Goa,Booked,Google Ads,6,77240.0,15.430573936084278,74.09618222120544
ENQ00440,2026-04-09 10:07:00,Ladakh,Qualified,Google Ads,4,28820.0,33.96405351169947,77.488303279723
ENQ00441,2026-01-16 09:31:00,Varanasi,Booked,Google Ads,3,30586.0,25.349361980883533,82.99290910887491
ENQ00442,2026-01-14 12:01:00,Goa,New,WhatsApp,3,30304.0,15.298466096273742,74.0815800790051
ENQ00443,2026-03-17 16:17:00,Manali,Qualified,Instagram,2,31488.0,32.31837725494426,77.14909226607992
ENQ00444,2026-05-01 10:20:00,Varanasi,Qualified,WhatsApp,1,39798.0,25.342225349613013,82.98952625320261
ENQ00445,2026-02-26 10:27:00,Ladakh,Lost,Google Ads,6,22485.0,34.12311980453102,77.50649631591683
ENQ00446,2026-02-25 08:33:00,Kerala,Booked,Website,1,65160.0,10.816313593062164,76.42098974261583
ENQ00447,2026-06-04 12:50:00,Jaipur,Lost,Referral,3,37476.0,27.001395829061295,75.86893109850256
ENQ00448,2026-01-03 10:21:00,Manali,Booked,Google Ads,1,122057.0,32.180282903458014,77.07418485816265
ENQ00449,2026-01-15 20:44:00,Goa,Qualified,Google Ads,6,23589.0,15.38701953726069,74.19638138083599
ENQ00450,2026-01-29 21:56:00,Jaipur,Lost,Website,2,81803.0,26.923379918134607,75.75765680899333
ENQ00451,2026-06-27 12:44:00,Kerala,Lost,Instagram,3,74812.0,10.733384427661198,76.34049203555028
ENQ00452,2026-03-31 08:15:00,Udaipur,Qualified,WhatsApp,5,33236.0,24.680290809197274,73.65817260572071
ENQ00453,2026-01-29 08:40:00,Jaipur,Lost,Website,4,33485.0,26.851392031940833,75.88658495400071
ENQ00454,2026-02-25 12:16:00,Udaipur,Lost,Website,3,26425.0,24.534050842968522,73.85482481662852
ENQ00455,2026-06-24 14:28:00,Varanasi,Qualified,Website,4,26561.0,25.30887585937074,82.94297506345067
ENQ00456,2026-05-05 15:38:00,Varanasi,New,Instagram,3,39989.0,25.32120864009707,82.94296946125088
ENQ00457,2026-02-10 11:17:00,Goa,Contacted,Referral,2,40374.0,15.389396990907816,74.19486481116603
ENQ00458,2026-02-13 12:00:00,Manali,Booked,Google Ads,4,19449.0,32.330248503420066,77.20396157925552
ENQ00459,2026-01-14 11:50:00,Jaipur,New,WhatsApp,3,112276.0,26.875891640135332,75.78657487940578
ENQ00460,2026-05-20 15:43:00,Goa,Qualified,Instagram,6,35591.0,15.265244256674379,74.24132772105463
ENQ00461,2026-01-25 18:07:00,Goa,Booked,Instagram,3,41199.0,15.379481897903888,74.11667815465142
ENQ00462,2026-02-21 07:22:00,Goa,Lost,Website,5,30177.0,15.225182003458299,74.2472671750563
ENQ00463,2026-03-04 14:15:00,Goa,Lost,Website,2,35471.0,15.310234730843545,74.11358660318426
ENQ00464,2026-04-22 17:58:00,Goa,Booked,Referral,4,34050.0,15.423272217577518,74.08320409492976
ENQ00465,2026-04-20 17:56:00,Ladakh,Qualified,Website,4,39947.0,34.12708584789364,77.55853928412994
ENQ00466,2026-05-24 16:41:00,Udaipur,New,Website,5,39738.0,24.480074466268654,73.73775882923408
ENQ00467,2026-02-23 15:26:00,Goa,Booked,WhatsApp,3,57459.0,15.238312420425725,74.0783422614151
ENQ00468,2026-03-11 17:03:00,Ladakh,Contacted,Google Ads,5,44306.0,34.096245161647865,77.53003438373568
ENQ00469,2026-03-11 13:14:00,Goa,Booked,Website,1,54916.0,15.232186842878736,74.1437771342096
ENQ00470,2026-01-09 16:05:00,Manali,Lost,Google Ads,5,39824.0,32.230752552601146,77.19304065105665
ENQ00471,2026-05-13 12:47:00,Udaipur,Booked,Instagram,5,44387.0,24.773703046116985,73.70005510551206
ENQ00472,2026-04-07 14:05:00,Manali,Booked,WhatsApp,3,35884.0,32.29159580977891,77.24669996794688
ENQ00473,2026-03-27 08:40:00,Goa,Booked,Google Ads,1,62820.0,15.294271470050859,74.1459039305236
ENQ00474,2026-06-29 12:57:00,Manali,Lost,Website,4,46250.0,32.244855855221,77.20540467165692
ENQ00475,2026-02-02 09:18:00,Manali,Qualified,Website,5,37253.0,32.19627865685215,77.14966309523362
ENQ00476,2026-06-24 10:41:00,Kerala,Qualified,Website,3,36757.0,10.851853780262646,76.11334770849193
ENQ00477,2026-05-03 13:52:00,Manali,New,Google Ads,1,38081.0,32.36288582318123,77.36206864143993
ENQ00478,2026-02-09 15:25:00,Manali,Booked,Instagram,3,40552.0,32.25682802079398,77.24243753418008
ENQ00479,2026-05-03 22:26:00,Goa,Contacted,Referral,6,38998.0,15.38578461360404,74.01802642083373
ENQ00480,2026-05-17 07:12:00,Kerala,Qualified,Instagram,2,31106.0,10.924762235622755,76.23698481644527
ENQ00481,2026-03-07 21:25:00,Goa,Booked,Website,4,56435.0,15.482557938385348,74.1089392344001
ENQ00482,2026-03-04 12:52:00,Ladakh,New,Website,3,58062.0,34.22525457785373,77.56272696557119
ENQ00483,2026-05-31 18:39:00,Varanasi,Booked,Website,5,89265.0,25.493335420506433,82.93291198263688
ENQ00484,2026-01-29 17:12:00,Manali,New,Instagram,3,30485.0,32.33640710298619,77.23933423059616
ENQ00485,2026-01-03 22:31:00,Varanasi,Contacted,Google Ads,3,53989.0,25.34994479693313,82.99222059208358
ENQ00486,2026-04-30 08:42:00,Jaipur,New,WhatsApp,4,16942.0,26.859038998584253,75.58041549516527
ENQ00487,2026-06-13 22:04:00,Goa,New,Website,4,58087.0,15.38525136867693,74.08489287117246
ENQ00488,2026-04-01 08:45:00,Manali,Lost,Google Ads,3,20768.0,32.33676801149456,77.21733582143325
ENQ00489,2026-01-25 21:12:00,Manali,Lost,Website,2,25686.0,32.33922054248161,77.25335140160875
ENQ00490,2026-04-08 17:17:00,Varanasi,Booked,Google Ads,1,46450.0,25.120424385561662,83.02309164929984
ENQ00491,2026-02-15 14:24:00,Ladakh,Booked,Website,5,30241.0,34.125105961150844,77.67020089498145
ENQ00492,2026-05-29 13:30:00,Manali,Booked,Google Ads,3,28435.0,32.29049659961095,77.23743752303724
ENQ00493,2026-04-21 08:54:00,Goa,Lost,Website,4,32160.0,15.27752057634334,74.05099150463137
ENQ00494,2026-03-02 19:13:00,Kerala,Qualified,Website,3,55546.0,10.815869043282358,76.12710861907753
ENQ00495,2026-04-23 18:15:00,Goa,New,Google Ads,6,26287.0,15.252072501236269,74.00686727203684
ENQ00496,2026-05-01 21:22:00,Goa,Booked,Instagram,5,39037.0,15.184280735699376,74.1333183077781
ENQ00497,2026-05-03 18:51:00,Ladakh,Lost,Instagram,3,33733.0,34.195323915160316,77.57445652158599
ENQ00498,2026-03-07 22:57:00,Udaipur,Contacted,Website,2,57849.0,24.545496760212927,73.63670734702089
ENQ00499,2026-04-13 21:27:00,Ladakh,Qualified,WhatsApp,5,58583.0,34.12722456061082,77.51122215670178
ENQ00500,2026-01-08 13:41:00,Goa,Contacted,Website,1,17514.0,15.294273540630297,74.00227745807368
ENQ00501,2026-03-14 18:55:00,Jaipur,Qualified,Google Ads,1,64019.0,26.968505406256458,75.74193751023395
ENQ00502,2026-03-10 11:50:00,Manali,Booked,WhatsApp,1,30388.0,32.27330055202259,77.26017775965049
ENQ00503,2026-04-07 19:40:00,Ladakh,Qualified,Google Ads,3,44488.0,34.17882967055448,77.64093014316785
ENQ00504,2026-06-21 16:32:00,Jaipur,Lost,Website,3,26216.0,26.747068858971677,75.74787146690369
ENQ00505,2026-06-21 14:59:00,Jaipur,Booked,Google Ads,2,47271.0,27.00064613334313,75.8280383630653
ENQ00506,2026-03-28 17:14:00,Jaipur,New,Website,2,126089.0,27.06027706124412,75.92365043839736
ENQ00507,2026-04-27 11:21:00,Udaipur,Booked,Google Ads,2,42356.0,24.60936737075605,73.69234171048922
ENQ00508,2026-01-20 16:42:00,Udaipur,Booked,Instagram,3,32523.0,24.50872490295464,73.67443531475719
ENQ00509,2026-03-28 14:01:00,Varanasi,Qualified,Referral,2,36032.0,25.28494024732085,82.92644006460947
ENQ00510,2026-05-04 12:30:00,Jaipur,Qualified,WhatsApp,4,20652.0,26.83893298018072,75.81942612700176
ENQ00511,2026-05-03 22:51:00,Varanasi,Lost,Website,3,76778.0,25.453331174251378,83.04856054145841
ENQ00512,2026-06-23 08:10:00,Manali,Qualified,Website,6,46048.0,32.21740639533837,77.27032230780806
ENQ00513,2026-03-25 19:48:00,Goa,New,Instagram,6,24950.0,15.32703206934711,74.12074365192505
ENQ00514,2026-06-13 10:24:00,Goa,Contacted,Google Ads,4,25319.0,15.291050181948208,74.10800478896094
ENQ00515,2026-06-26 10:51:00,Manali,Contacted,Instagram,4,40276.0,32.295285289818985,77.20037360658212
ENQ00516,2026-04-13 09:38:00,Goa,Booked,Google Ads,1,60842.0,15.241026176193841,74.06185183127197
ENQ00517,2026-01-17 08:09:00,Ladakh,New,Instagram,4,23830.0,34.17707231850253,77.61129209725466
ENQ00518,2026-03-09 08:44:00,Manali,Booked,WhatsApp,3,66017.0,32.218149388454655,77.0986395501803
ENQ00519,2026-05-18 20:03:00,Manali,Qualified,Instagram,2,38384.0,32.34327720936681,77.27228836876216
ENQ00520,2026-04-15 21:14:00,Varanasi,Lost,Website,5,26318.0,25.158609879922118,83.08106663386508
ENQ00521,2026-06-18 16:53:00,Kerala,Qualified,Website,1,32408.0,10.83378193621336,76.28629896640217
ENQ00522,2026-05-27 07:52:00,Jaipur,Lost,Google Ads,2,87859.0,27.003457844804213,75.91950310293032
ENQ00523,2026-01-12 20:02:00,Kerala,Lost,Website,5,21417.0,10.930729222803643,76.29038243991604
ENQ00524,2026-06-05 16:22:00,Goa,Contacted,Website,6,28776.0,15.18924874509576,73.96190145408121
ENQ00525,2026-03-06 15:05:00,Manali,Booked,Website,4,61408.0,32.31345271512196,77.29656242765955
ENQ00526,2026-05-28 22:16:00,Varanasi,Contacted,Referral,4,44092.0,25.252428411132954,82.9523176028209
ENQ00527,2026-04-02 13:58:00,Kerala,Lost,WhatsApp,6,28017.0,10.805918728929164,76.22438799412089
ENQ00528,2026-03-23 12:11:00,Manali,Booked,Instagram,1,61746.0,32.32919689471136,77.20666985062029
ENQ00529,2026-01-14 19:38:00,Goa,Contacted,Website,3,63081.0,15.280965735088348,74.33660160164082
ENQ00530,2026-01-22 15:48:00,Manali,Contacted,Instagram,2,46433.0,32.1284463280794,77.23303288651967
ENQ00531,2026-04-18 18:52:00,Goa,Qualified,Instagram,3,30365.0,15.215381737186226,74.11140505024045
ENQ00532,2026-04-13 18:21:00,Ladakh,Booked,WhatsApp,6,32546.0,34.164491070757016,77.6445676575708
ENQ00533,2026-04-10 20:41:00,Kerala,Booked,Instagram,4,45467.0,10.829605448387118,76.24174415217625
ENQ00534,2026-01-29 12:29:00,Ladakh,New,Google Ads,6,22165.0,34.13027319217492,77.4906037850959
ENQ00535,2026-04-02 08:06:00,Manali,Contacted,WhatsApp,4,72703.0,32.293784784167336,77.21170674966255
ENQ00536,2026-01-11 14:13:00,Udaipur,Qualified,Google Ads,6,85968.0,24.620213493705204,73.70693655979736
ENQ00537,2026-01-26 17:44:00,Jaipur,Booked,Website,2,35971.0,26.896969763208794,75.88134802705846
ENQ00538,2026-03-31 20:41:00,Goa,New,Google Ads,2,46952.0,15.381042917612563,74.23718404689474
ENQ00539,2026-04-22 11:31:00,Jaipur,Contacted,Instagram,2,68203.0,26.942207548119672,75.89551312757243
ENQ00540,2026-04-28 18:46:00,Jaipur,Lost,Instagram,5,96436.0,26.87911338882237,75.7712318571087
ENQ00541,2026-06-26 20:41:00,Ladakh,Qualified,WhatsApp,4,80602.0,34.24820806029456,77.64447372306081
ENQ00542,2026-06-03 19:20:00,Varanasi,Booked,Website,2,18318.0,25.294363967446806,82.89019934111842
ENQ00543,2026-03-10 19:17:00,Kerala,Qualified,Instagram,2,34705.0,10.834182863440603,76.21631052469785
ENQ00544,2026-05-21 22:56:00,Kerala,Qualified,Website,3,50108.0,10.988460278599094,76.33190325148158
ENQ00545,2026-01-18 17:58:00,Kerala,Booked,Website,1,32024.0,10.789226193809059,76.1875007231468
ENQ00546,2026-06-04 12:01:00,Kerala,Contacted,Google Ads,5,89222.0,10.788234938097236,76.2263939809227
ENQ00547,2026-03-11 13:47:00,Udaipur,Contacted,Referral,6,83271.0,24.572063968496224,73.80166371927048
ENQ00548,2026-05-17 18:07:00,Kerala,Lost,Google Ads,6,27708.0,10.77317864869176,76.45426297958772
ENQ00549,2026-06-24 10:51:00,Varanasi,Lost,Website,2,37181.0,25.242135981053707,82.86117618151243
ENQ00550,2026-05-07 16:35:00,Goa,Booked,Website,3,28548.0,15.434364386025878,74.22970044798696
ENQ00551,2026-06-15 16:41:00,Ladakh,New,Instagram,4,36637.0,34.138012096179494,77.60750658520996
ENQ00552,2026-01-02 17:42:00,Jaipur,New,Instagram,3,36141.0,26.944925529528163,75.79823699429949
ENQ00553,2026-01-31 13:36:00,Manali,New,Referral,3,61454.0,32.13948163692236,76.9906426253867
ENQ00554,2026-04-23 18:15:00,Ladakh,Lost,Google Ads,2,26818.0,34.08502190541412,77.72229235290968
ENQ00555,2026-04-08 08:48:00,Goa,Booked,WhatsApp,1,12321.0,15.447733080218134,74.10305304284061
ENQ00556,2026-01-22 18:33:00,Goa,Qualified,Referral,3,19430.0,15.222662862198106,74.14624969757834
ENQ00557,2026-05-10 19:32:00,Manali,Lost,Instagram,1,25182.0,32.278318495637365,77.23725756154353
ENQ00558,2026-01-11 21:19:00,Manali,New,Google Ads,1,29779.0,32.04103770537299,77.44182049470601
ENQ00559,2026-06-28 21:00:00,Ladakh,Booked,Referral,4,43515.0,34.24319797344349,77.56117090370083
ENQ00560,2026-01-29 12:33:00,Udaipur,Contacted,WhatsApp,6,24606.0,24.527921789587133,73.79148445552637
ENQ00561,2026-03-22 07:20:00,Manali,Contacted,Instagram,4,23194.0,32.28283156920276,77.19657179904276
ENQ00562,2026-05-29 17:39:00,Ladakh,Lost,Google Ads,1,26328.0,34.18926677069126,77.56798243166203
ENQ00563,2026-04-03 08:21:00,Kerala,Lost,Instagram,6,24212.0,10.882648981257384,76.32920902807628
ENQ00564,2026-05-14 11:58:00,Ladakh,New,Referral,5,31167.0,34.180065349926565,77.60027375186576
ENQ00565,2026-05-07 18:40:00,Goa,Contacted,WhatsApp,2,30572.0,15.410728810656895,73.99623143044651
ENQ00566,2026-06-20 16:27:00,Manali,Booked,WhatsApp,2,54541.0,32.17936941771533,77.19132485487849
ENQ00567,2026-03-25 16:42:00,Jaipur,New,Website,6,25626.0,26.85401059336566,75.75561739694048
ENQ00568,2026-06-26 19:38:00,Jaipur,Booked,Website,3,34054.0,27.015419342631205,75.77538232208339
ENQ00569,2026-04-04 09:37:00,Varanasi,Booked,Referral,1,31300.0,25.171263117782882,82.94003266165326
ENQ00570,2026-06-10 19:34:00,Jaipur,Contacted,Google Ads,2,57563.0,26.91704905393071,75.79047516259651
ENQ00571,2026-05-12 16:55:00,Kerala,Contacted,WhatsApp,2,37317.0,10.894982995307714,76.30905108598044
ENQ00572,2026-01-24 13:19:00,Varanasi,Contacted,Website,3,64180.0,25.30649391211792,82.87845681934037
ENQ00573,2026-04-26 14:25:00,Jaipur,Lost,WhatsApp,3,23815.0,26.877108859868997,75.73747787547026
ENQ00574,2026-06-08 15:15:00,Manali,Qualified,Google Ads,4,39121.0,32.2203916957851,77.24449348282063
ENQ00575,2026-01-24 15:34:00,Varanasi,Booked,Website,2,30868.0,25.3499282199651,83.03982045709934
ENQ00576,2026-05-31 12:59:00,Ladakh,Contacted,Website,4,23038.0,34.121873343711776,77.69766886146277
ENQ00577,2026-01-19 10:36:00,Goa,Booked,Google Ads,3,38803.0,15.353127081007738,74.13297877454735
ENQ00578,2026-06-06 09:12:00,Ladakh,New,Website,6,87243.0,34.20086772675024,77.52293916682952
ENQ00579,2026-05-23 12:55:00,Udaipur,New,Referral,5,27250.0,24.416699662723165,73.66396429047442
ENQ00580,2026-01-28 11:47:00,Kerala,Booked,Google Ads,2,37770.0,10.910296556579373,76.27751728317511
ENQ00581,2026-05-11 15:26:00,Manali,Booked,Instagram,1,22162.0,32.23225324218577,77.12137279433779
ENQ00582,2026-01-22 21:08:00,Varanasi,Contacted,Website,4,20743.0,25.161133933926674,83.08788764966518
ENQ00583,2026-04-13 08:24:00,Udaipur,Contacted,WhatsApp,3,28068.0,24.568768420655072,73.67813696144823
ENQ00584,2026-06-16 11:48:00,Goa,Lost,Referral,6,32668.0,15.245568298632652,74.22436179821013
ENQ00585,2026-02-07 07:34:00,Ladakh,New,Referral,3,33327.0,34.22310806499035,77.49962084286312
ENQ00586,2026-02-01 22:11:00,Ladakh,Contacted,Referral,2,36132.0,34.24576343720348,77.5653943664863
ENQ00587,2026-03-18 18:09:00,Manali,Qualified,Google Ads,3,19051.0,32.194356624961024,77.1657110090562
ENQ00588,2026-03-08 10:58:00,Varanasi,Contacted,WhatsApp,6,30181.0,25.254936219958807,82.8682298317801
ENQ00589,2026-01-09 13:26:00,Kerala,Booked,Google Ads,1,50133.0,10.912590477240688,76.25344361127749
ENQ00590,2026-03-24 18:41:00,Udaipur,Booked,Google Ads,6,21708.0,24.634776762691622,73.73547706649038
ENQ00591,2026-02-16 22:21:00,Udaipur,Qualified,Website,2,34092.0,24.62928328890826,73.54882105556744
ENQ00592,2026-01-23 16:05:00,Jaipur,Booked,Website,6,45634.0,26.84305918005144,75.83284918043215
ENQ00593,2026-02-19 11:24:00,Jaipur,Qualified,Referral,4,28131.0,26.810413544469125,75.81714520670498
ENQ00594,2026-01-04 18:41:00,Goa,Booked,Website,4,46645.0,15.188043633598515,74.12531551867957
ENQ00595,2026-06-14 17:20:00,Ladakh,New,Referral,2,20174.0,34.28139923151488,77.63896800922653
ENQ00596,2026-06-28 17:36:00,Manali,Contacted,WhatsApp,5,59661.0,32.09514072420474,77.2570697123453
ENQ00597,2026-03-08 07:26:00,Ladakh,Booked,Instagram,4,47157.0,34.298379058138366,77.80076128081294
ENQ00598,2026-06-07 18:20:00,Manali,Contacted,Website,3,41015.0,32.2812060589975,77.08004640608917
ENQ00599,2026-03-25 07:15:00,Goa,New,Google Ads,3,66357.0,15.334074238241955,74.25168268786732
ENQ00600,2026-06-14 21:15:00,Ladakh,Contacted,Website,4,34490.0,34.13763294561998,77.6604487138306
ENQ00601,2026-02-01 21:15:00,Kerala,Booked,Referral,3,30291.0,10.783331760089785,76.30088826025015
ENQ00602,2026-02-21 16:43:00,Manali,New,Google Ads,6,74182.0,32.04403363878639,77.11317316945306
ENQ00603,2026-05-14 17:20:00,Jaipur,Booked,Instagram,1,91581.0,26.911910348217454,75.75823146155389
ENQ00604,2026-02-09 08:44:00,Jaipur,Booked,Google Ads,2,29278.0,26.808350600457942,75.7473275041532
ENQ00605,2026-05-29 20:18:00,Jaipur,Booked,Instagram,6,38004.0,26.93877240387744,75.78040179303119
ENQ00606,2026-03-18 11:19:00,Manali,Contacted,Website,5,64017.0,32.24807500558967,77.24775750424686
ENQ00607,2026-03-14 11:55:00,Kerala,Booked,Website,3,38618.0,10.82304698394134,76.37983423064416
ENQ00608,2026-03-23 18:52:00,Goa,Contacted,Instagram,4,52271.0,15.220158314711888,74.27824020424475
ENQ00609,2026-05-24 22:24:00,Jaipur,Lost,WhatsApp,1,56830.0,27.001443090439544,75.75882017755903
ENQ00610,2026-01-02 14:16:00,Goa,Booked,Website,2,31058.0,15.276154503661514,74.14053884732894
ENQ00611,2026-05-16 15:42:00,Manali,New,Website,6,48306.0,32.29109367438976,77.27676386201868
ENQ00612,2026-05-21 15:04:00,Ladakh,Booked,Website,4,39889.0,34.045352700158794,77.6119954097649
ENQ00613,2026-05-28 11:27:00,Manali,Qualified,Instagram,1,23134.0,32.07387885980298,77.17501596113316
ENQ00614,2026-06-29 16:35:00,Jaipur,Qualified,Website,5,25624.0,27.028713000303,75.67389127742253
ENQ00615,2026-05-21 22:40:00,Kerala,Qualified,Referral,3,29823.0,10.722560977117467,76.28876360796384
ENQ00616,2026-04-06 13:06:00,Ladakh,Booked,Website,4,60747.0,34.26359433313381,77.60303163608683
ENQ00617,2026-03-25 19:00:00,Udaipur,Booked,Google Ads,6,61651.0,24.433030568249475,73.5778497269563
ENQ00618,2026-03-11 19:16:00,Udaipur,Lost,Website,6,56055.0,24.593219714634355,73.61816060645634
ENQ00619,2026-05-29 20:07:00,Ladakh,Contacted,Instagram,1,48761.0,34.16353490351245,77.59267960906135
ENQ00620,2026-03-12 18:30:00,Kerala,Booked,Website,3,48166.0,10.811319399147383,76.41628034351591
ENQ00621,2026-04-14 21:55:00,Ladakh,Booked,Referral,2,45322.0,34.19983737639474,77.67392727030354
ENQ00622,2026-01-18 18:17:00,Jaipur,Booked,WhatsApp,6,48053.0,26.986046540661732,75.77529411504402
ENQ00623,2026-02-27 22:27:00,Udaipur,Qualified,Website,5,49541.0,24.56984421989285,73.6886903970537
ENQ00624,2026-02-17 18:12:00,Udaipur,Qualified,WhatsApp,4,21261.0,24.63988818020002,73.66047078581026
ENQ00625,2026-03-20 20:02:00,Ladakh,Booked,Website,1,28030.0,34.29060263536277,77.5173304557062
ENQ00626,2026-04-01 21:42:00,Manali,Contacted,Google Ads,5,25175.0,32.260358005783765,77.17087353503632
ENQ00627,2026-05-09 22:15:00,Udaipur,Contacted,Google Ads,4,65831.0,24.54933653484908,73.88628774819709
ENQ00628,2026-03-19 16:32:00,Goa,Qualified,Website,2,84202.0,15.264175652687003,74.0996223055206
ENQ00629,2026-01-28 18:40:00,Kerala,Contacted,Instagram,3,15072.0,10.797369312123529,76.27438324925512
ENQ00630,2026-04-09 22:50:00,Goa,New,Website,3,80886.0,15.291195490612585,74.03445974954366
ENQ00631,2026-01-10 13:11:00,Kerala,New,Google Ads,2,41592.0,10.816550410852187,76.31987492342272
ENQ00632,2026-06-02 08:34:00,Varanasi,Booked,Instagram,6,63093.0,25.399758947953757,82.97582004903724
ENQ00633,2026-05-19 21:54:00,Goa,Lost,WhatsApp,6,50239.0,15.304019583252257,74.09512039425877
ENQ00634,2026-02-10 17:29:00,Goa,Qualified,Website,1,76482.0,15.25910466384337,74.05043415760942
ENQ00635,2026-02-17 13:02:00,Goa,New,WhatsApp,6,43959.0,15.174768043660885,74.06780426607148
ENQ00636,2026-01-05 18:15:00,Kerala,Booked,Website,3,21657.0,10.922824229387242,76.23714664458423
ENQ00637,2026-03-07 07:47:00,Varanasi,Contacted,Google Ads,5,38142.0,25.289918505304474,82.94466118402283
ENQ00638,2026-01-07 14:47:00,Varanasi,Lost,Website,5,50447.0,25.41717661326662,82.89962939435749
ENQ00639,2026-06-18 11:18:00,Jaipur,Booked,Website,4,36296.0,26.934564267071202,75.78182270931438
ENQ00640,2026-01-25 11:11:00,Udaipur,Contacted,Website,5,53778.0,24.59083414600758,73.73204803256932
ENQ00641,2026-04-29 22:17:00,Varanasi,Qualified,Google Ads,5,38835.0,25.322173195221445,83.03734175093207
ENQ00642,2026-04-13 15:14:00,Jaipur,Contacted,Website,6,30597.0,26.910059413762966,75.92685011147405
ENQ00643,2026-02-12 09:44:00,Goa,Booked,Google Ads,3,24537.0,15.30285839511735,73.98772264939197
ENQ00644,2026-05-26 12:50:00,Manali,New,WhatsApp,5,33534.0,32.2942648286515,77.22056774442078
ENQ00645,2026-01-20 10:02:00,Manali,Lost,Website,6,43857.0,32.24580360254095,77.16843429475031
ENQ00646,2026-06-09 21:44:00,Jaipur,Booked,Website,6,16563.0,26.74323047468322,75.63155247501875
ENQ00647,2026-05-14 11:45:00,Goa,Lost,Website,1,28158.0,15.4311015376398,74.07715979175204
ENQ00648,2026-04-25 12:36:00,Jaipur,Lost,Website,3,16287.0,26.989649634204177,75.65905733814077
ENQ00649,2026-06-08 12:52:00,Jaipur,Contacted,Instagram,4,30301.0,26.82865133637054,75.84159127575055
ENQ00650,2026-03-14 09:02:00,Goa,Qualified,Referral,4,68557.0,15.291099917144109,74.16701337375915
ENQ00651,2026-02-20 19:41:00,Udaipur,Lost,Website,4,23456.0,24.584309394725615,73.69588624287948
ENQ00652,2026-01-28 16:07:00,Kerala,Qualified,Website,6,54888.0,10.79609649374601,76.1755797875256
ENQ00653,2026-06-16 13:53:00,Manali,New,Google Ads,4,144149.0,32.3554161031786,77.31458472849039
ENQ00654,2026-03-14 13:29:00,Kerala,Contacted,Website,5,76936.0,10.767403763620466,76.18277367183944
ENQ00655,2026-05-30 17:05:00,Kerala,Contacted,Google Ads,6,42477.0,10.822678148606233,76.29833480118906
ENQ00656,2026-03-01 08:44:00,Jaipur,Lost,WhatsApp,1,58861.0,26.89785454336347,75.82726160521982
ENQ00657,2026-06-21 21:44:00,Goa,Qualified,Website,4,21596.0,15.295360084191092,74.11482950868405
ENQ00658,2026-06-06 16:27:00,Goa,Booked,Instagram,3,19704.0,15.49234629894159,74.08198373987237
ENQ00659,2026-02-25 10:18:00,Kerala,Lost,Referral,6,40520.0,10.981695751425963,76.38684904541448
ENQ00660,2026-03-29 15:01:00,Manali,Contacted,Google Ads,4,47859.0,32.28352748052677,77.03510945308403
ENQ00661,2026-05-23 20:54:00,Manali,Booked,Referral,4,65455.0,32.24568459922904,77.14802441940836
ENQ00662,2026-02-10 09:11:00,Kerala,New,Referral,5,30967.0,10.852107255315238,76.18606265660897
ENQ00663,2026-01-05 15:50:00,Ladakh,New,Google Ads,2,43637.0,34.213100635924,77.65579880216889
ENQ00664,2026-02-21 16:35:00,Goa,New,Google Ads,4,42969.0,15.392901944165356,74.09342570268923
ENQ00665,2026-04-17 19:41:00,Kerala,Contacted,Google Ads,5,37703.0,10.765745991836258,76.29923451331767
ENQ00666,2026-01-25 16:41:00,Manali,Qualified,Google Ads,5,38716.0,32.3836859457719,77.19475117076908
ENQ00667,2026-03-02 18:51:00,Varanasi,Qualified,Google Ads,2,27228.0,25.353783766888967,82.95510612432945
ENQ00668,2026-06-15 19:02:00,Varanasi,Contacted,Instagram,6,45365.0,25.277322383528336,83.02656207508836
ENQ00669,2026-01-14 21:59:00,Varanasi,New,Referral,1,43670.0,25.309114658612888,83.00618183292235
ENQ00670,2026-01-10 12:02:00,Goa,Booked,Website,2,32815.0,15.339900548582163,74.15180134713111
ENQ00671,2026-03-18 18:59:00,Manali,New,Website,6,53973.0,32.28782842555102,77.1209595413792
ENQ00672,2026-01-03 10:15:00,Udaipur,Booked,Instagram,4,63523.0,24.512277651492255,73.70909027147142
ENQ00673,2026-01-06 20:50:00,Manali,Lost,Website,4,54255.0,32.2417150943791,77.14741417386243
ENQ00674,2026-02-02 22:05:00,Ladakh,Booked,Google Ads,4,25023.0,34.17188002371317,77.64965739446671
ENQ00675,2026-01-19 11:27:00,Manali,Booked,Website,6,41834.0,32.33820094993228,77.30218094981177
ENQ00676,2026-05-26 15:32:00,Manali,Booked,Google Ads,2,26542.0,32.13801586695543,77.09616011410333
ENQ00677,2026-01-23 20:57:00,Manali,Booked,Instagram,2,41776.0,32.22002836852467,77.1956229232806
ENQ00678,2026-04-05 07:07:00,Manali,Lost,Website,3,26589.0,32.22412655969144,77.14498885358539
ENQ00679,2026-05-07 18:02:00,Udaipur,Lost,Website,6,71066.0,24.56104654078421,73.75116510579461
ENQ00680,2026-04-23 20:38:00,Goa,Qualified,Google Ads,4,56905.0,15.192930204256639,74.31146857380696
ENQ00681,2026-04-28 20:02:00,Kerala,Booked,Referral,5,67203.0,10.852179483470744,76.3551677915383
ENQ00682,2026-03-06 10:46:00,Kerala,Booked,Instagram,5,64210.0,10.80409960840284,76.31704796740199
ENQ00683,2026-06-09 19:02:00,Udaipur,New,Website,6,35414.0,24.593407285826284,73.78104467151107
ENQ00684,2026-01-13 19:58:00,Kerala,Qualified,Website,3,33028.0,10.834608246574101,76.39522508536717
ENQ00685,2026-01-20 07:31:00,Ladakh,Booked,Website,3,87589.0,34.03323553220103,77.65294990641584
ENQ00686,2026-06-04 18:56:00,Ladakh,Booked,Website,1,37136.0,34.16209758044264,77.49553386413017
ENQ00687,2026-01-13 17:07:00,Goa,Contacted,WhatsApp,1,21744.0,15.455465269603769,74.2718958181254
ENQ00688,2026-02-04 22:16:00,Udaipur,Contacted,Website,3,62944.0,24.419490340414125,73.72664275098766
ENQ00689,2026-02-01 07:27:00,Ladakh,Contacted,Website,5,42674.0,34.20905300437846,77.61233638466543
ENQ00690,2026-01-06 22:01:00,Goa,Booked,WhatsApp,6,78772.0,15.420542368662275,74.22861061660116
ENQ00691,2026-01-22 16:06:00,Kerala,Lost,Google Ads,3,44622.0,10.871714988505374,76.45326828899293
ENQ00692,2026-04-14 11:19:00,Goa,Lost,Instagram,4,39642.0,15.374247721816607,74.09588684038576
ENQ00693,2026-04-30 13:44:00,Kerala,Contacted,Google Ads,5,79490.0,10.806312192413731,76.3705673202379
ENQ00694,2026-01-15 19:42:00,Jaipur,Contacted,WhatsApp,2,20017.0,26.848963661877566,75.75452093764332
ENQ00695,2026-06-19 22:05:00,Varanasi,Booked,Website,1,30737.0,25.298434248683613,83.00235227146209
ENQ00696,2026-01-18 12:03:00,Manali,Booked,Website,6,26831.0,32.22772333096307,77.08384232828159
ENQ00697,2026-05-04 22:39:00,Kerala,Qualified,WhatsApp,4,14896.0,10.943466379039261,76.2387481080972
ENQ00698,2026-05-25 17:21:00,Jaipur,Qualified,Referral,1,59253.0,27.073994821503963,75.8116192005808
ENQ00699,2026-04-04 10:47:00,Varanasi,New,WhatsApp,2,31126.0,25.41897659875217,83.02436892113447
ENQ00700,2026-03-30 16:17:00,Manali,Booked,Website,2,60117.0,32.34840450171653,77.23482711970115
ENQ00701,2026-01-20 19:21:00,Kerala,Booked,WhatsApp,2,47654.0,10.869313506719346,76.35855872734852
ENQ00702,2026-02-13 07:13:00,Goa,Qualified,Instagram,3,52567.0,15.498177769167365,74.10241624491161
ENQ00703,2026-06-03 08:15:00,Goa,Lost,Google Ads,5,32588.0,15.362894159018001,74.12358040619918
ENQ00704,2026-03-04 07:42:00,Manali,Booked,WhatsApp,5,28360.0,32.283684721639446,77.19257268460612
ENQ00705,2026-01-07 16:28:00,Ladakh,Lost,Website,6,41649.0,33.979980569143166,77.56098506258094
ENQ00706,2026-05-12 07:39:00,Goa,Qualified,Website,6,60492.0,15.379264405824683,74.06278347013851
ENQ00707,2026-05-04 21:04:00,Varanasi,Qualified,Google Ads,2,39103.0,25.391275715445722,82.98858873315123
ENQ00708,2026-01-12 09:32:00,Jaipur,Lost,WhatsApp,1,29166.0,26.897080757531665,75.85976523082267
ENQ00709,2026-01-10 08:27:00,Varanasi,Lost,Website,1,23320.0,25.37208252348514,83.00754376569584
ENQ00710,2026-01-21 11:54:00,Goa,Lost,WhatsApp,5,43849.0,15.380572016222434,74.14024786556708
ENQ00711,2026-01-10 19:25:00,Manali,Booked,Instagram,3,31173.0,32.11162671736088,77.15895033014941
ENQ00712,2026-04-21 21:06:00,Manali,Qualified,Instagram,5,38729.0,32.09884780617761,77.2417891860967
ENQ00713,2026-01-24 11:41:00,Jaipur,Contacted,Website,3,35925.0,26.98409598714344,75.86263617937064
ENQ00714,2026-04-20 15:08:00,Goa,Qualified,WhatsApp,6,32749.0,15.338427575938384,74.20143401035114
ENQ00715,2026-02-01 19:54:00,Goa,Lost,Website,4,45654.0,15.173171732938604,74.11539464625645
ENQ00716,2026-06-25 19:23:00,Kerala,Contacted,Google Ads,6,51337.0,10.737306720895344,76.24243363097553
ENQ00717,2026-05-11 09:47:00,Ladakh,Booked,Website,2,96859.0,34.28190013887462,77.66445897458837
ENQ00718,2026-03-09 20:39:00,Manali,Lost,WhatsApp,5,56259.0,32.29618283251796,77.17467038171195
ENQ00719,2026-03-19 20:27:00,Ladakh,Lost,Referral,4,81944.0,34.07311241724435,77.59196221470275
ENQ00720,2026-01-12 18:35:00,Manali,Lost,Website,2,27674.0,32.33205406654579,77.22198971914074
ENQ00721,2026-01-10 15:10:00,Jaipur,Booked,Website,2,19462.0,26.785544736865237,75.79566887176927
ENQ00722,2026-04-07 13:04:00,Goa,Qualified,Instagram,2,39741.0,15.146233744634692,74.18833470664848
ENQ00723,2026-01-05 21:45:00,Manali,Lost,Instagram,1,58850.0,32.18775938015467,77.09135028801177
ENQ00724,2026-04-25 20:57:00,Goa,Contacted,Referral,6,54839.0,15.364734453018578,74.16875022697471
ENQ00725,2026-03-10 15:51:00,Ladakh,Contacted,Google Ads,2,68993.0,34.17119191699314,77.75233663577208
ENQ00726,2026-01-26 18:18:00,Varanasi,Lost,Instagram,4,12774.0,25.368399986900474,82.9223034456058
ENQ00727,2026-04-07 13:21:00,Kerala,Booked,Google Ads,4,70296.0,10.892036309398796,76.24821381252829
ENQ00728,2026-04-10 18:21:00,Manali,Qualified,Instagram,4,46518.0,32.34454070575176,77.21167817654643
ENQ00729,2026-05-15 08:42:00,Manali,New,Website,4,19967.0,32.27359386294404,77.07381052718438
ENQ00730,2026-02-05 21:37:00,Kerala,Qualified,Website,6,55394.0,10.855408129560237,76.26659873165879
ENQ00731,2026-04-09 15:47:00,Jaipur,Lost,Website,6,43170.0,26.83046292358316,75.76957988108889
ENQ00732,2026-06-02 16:56:00,Goa,Booked,Google Ads,6,47486.0,15.334160195486726,74.12365203205248
ENQ00733,2026-02-18 10:23:00,Goa,Qualified,Website,3,62707.0,15.186332024673279,74.10214265334425
ENQ00734,2026-05-31 15:39:00,Goa,Booked,Google Ads,5,48546.0,15.261858016876811,74.13948108184249
ENQ00735,2026-05-11 07:30:00,Varanasi,Lost,Website,2,20617.0,25.324442604951553,82.94097095503105
ENQ00736,2026-03-19 21:57:00,Jaipur,Lost,Google Ads,6,37507.0,26.876346924526132,75.79267780703876
ENQ00737,2026-06-08 18:21:00,Goa,Qualified,Website,2,19316.0,15.376338140398925,74.14629124181666
ENQ00738,2026-06-24 14:11:00,Ladakh,Booked,Instagram,1,53568.0,34.266445546023256,77.66765527830735
ENQ00739,2026-02-12 20:22:00,Ladakh,Contacted,Website,5,75036.0,34.272334599696734,77.68649021214424
ENQ00740,2026-06-26 19:37:00,Manali,Qualified,Website,5,22879.0,32.36823596133926,77.0969485751623
ENQ00741,2026-01-01 08:57:00,Manali,Contacted,Website,1,29569.0,32.29499410223284,77.28666564422912
ENQ00742,2026-01-24 07:49:00,Udaipur,Qualified,Instagram,6,26892.0,24.69732218574853,73.6508424949589
ENQ00743,2026-01-08 11:01:00,Jaipur,Booked,Referral,1,32610.0,26.964990441994516,75.79331624519604
ENQ00744,2026-03-08 07:30:00,Manali,Contacted,Website,1,48157.0,32.39096481864061,77.07821667004845
ENQ00745,2026-06-18 16:09:00,Jaipur,Contacted,Referral,6,32770.0,26.850856833486173,75.64244929400301
ENQ00746,2026-04-19 15:21:00,Manali,New,Google Ads,2,53652.0,32.25476930296265,77.37030722154157
ENQ00747,2026-04-21 15:56:00,Ladakh,New,Instagram,2,64606.0,34.149052670517335,77.58508266580193
ENQ00748,2026-01-16 08:59:00,Varanasi,Booked,Google Ads,5,65672.0,25.361619101649854,82.96459676119942
ENQ00749,2026-04-03 21:09:00,Ladakh,Contacted,Website,4,24184.0,34.181882081531526,77.60837693354623
ENQ00750,2026-03-10 22:08:00,Varanasi,New,Google Ads,4,74630.0,25.249955467832518,82.96637626307603
ENQ00751,2026-03-28 16:41:00,Kerala,Lost,Referral,6,77371.0,10.90985463411922,76.34538608932505
ENQ00752,2026-02-17 07:24:00,Varanasi,Contacted,Referral,1,80446.0,25.421480132495542,83.00073488534262
ENQ00753,2026-02-06 13:25:00,Kerala,Lost,Website,6,37258.0,10.878962856899555,76.33111478921717
ENQ00754,2026-06-21 18:52:00,Manali,Booked,Google Ads,2,28518.0,32.1956183829143,77.13833767584087
ENQ00755,2026-04-11 18:55:00,Goa,Booked,Website,4,25687.0,15.289316171387648,74.02199858403567
ENQ00756,2026-03-16 10:54:00,Kerala,Booked,Instagram,2,24363.0,10.883052061735993,76.35502656289347
ENQ00757,2026-01-14 20:46:00,Goa,Contacted,Website,2,40211.0,15.242496508412932,74.15881193519081
ENQ00758,2026-05-18 22:58:00,Manali,Lost,Website,2,58581.0,32.19286951592464,77.1078739598404
ENQ00759,2026-03-27 15:43:00,Goa,Lost,Google Ads,4,72012.0,15.463744883500773,74.04382134911862
ENQ00760,2026-03-11 13:53:00,Kerala,Contacted,WhatsApp,6,32149.0,10.748154454552973,76.28827723176443
ENQ00761,2026-05-01 15:32:00,Goa,Booked,Website,1,39310.0,15.320781718276862,74.1773785712952
ENQ00762,2026-01-24 07:03:00,Goa,Qualified,Google Ads,4,38168.0,15.459398244280793,74.06182961478443
ENQ00763,2026-04-06 15:48:00,Manali,Lost,Google Ads,6,30054.0,32.19692505296209,77.31790443978454
ENQ00764,2026-06-05 07:55:00,Goa,Booked,WhatsApp,5,55699.0,15.374429901240463,74.18800650702093
ENQ00765,2026-03-25 07:18:00,Ladakh,New,Google Ads,6,47095.0,34.10541050435941,77.66707105763298
ENQ00766,2026-01-01 15:25:00,Manali,Lost,Website,1,42636.0,32.30745462561448,77.20436298144955
ENQ00767,2026-02-11 15:34:00,Goa,Lost,Website,3,46999.0,15.252505775181321,74.13253564435107
ENQ00768,2026-01-11 22:39:00,Jaipur,Booked,Google Ads,3,52764.0,27.044278951078663,75.6997825797917
ENQ00769,2026-04-01 15:40:00,Udaipur,New,Website,4,52527.0,24.52141607455492,73.66227580519435
ENQ00770,2026-03-07 22:23:00,Kerala,Booked,WhatsApp,2,27428.0,10.81763430751922,76.26984106507832
ENQ00771,2026-01-24 19:51:00,Manali,Booked,WhatsApp,2,59873.0,32.31988568225616,77.22611312915339
ENQ00772,2026-05-04 12:48:00,Goa,Contacted,WhatsApp,6,44871.0,15.304167284040275,74.14615947800642
ENQ00773,2026-02-01 21:56:00,Varanasi,Lost,Website,2,32894.0,25.367519276829054,82.83936352430163
ENQ00774,2026-03-03 14:34:00,Ladakh,Booked,Google Ads,6,44446.0,34.238326735340365,77.51088696456908
ENQ00775,2026-06-27 16:04:00,Manali,Lost,Google Ads,1,46707.0,32.2077191703058,77.21643482573629
ENQ00776,2026-01-12 08:50:00,Jaipur,Booked,Website,3,65084.0,26.90636753375969,75.82625443528747
ENQ00777,2026-02-14 10:04:00,Jaipur,Contacted,Website,4,24981.0,26.923746233476514,75.76415341703508
ENQ00778,2026-02-27 15:11:00,Jaipur,Lost,Website,6,72611.0,27.034700653550104,75.8439452425608
ENQ00779,2026-04-02 11:17:00,Varanasi,Booked,Instagram,5,40419.0,25.34176938601085,83.02930158726875
ENQ00780,2026-02-14 16:11:00,Ladakh,Qualified,WhatsApp,1,31852.0,34.0961736405834,77.75098173934533
ENQ00781,2026-06-24 08:43:00,Ladakh,Qualified,WhatsApp,5,31417.0,34.06558902391335,77.58605349266347
ENQ00782,2026-01-01 11:26:00,Udaipur,New,Website,2,25489.0,24.56248589771058,73.68654684996584
ENQ00783,2026-06-20 17:13:00,Goa,Booked,Google Ads,6,18274.0,15.26295945949482,74.06226319992011
ENQ00784,2026-04-07 16:00:00,Ladakh,Qualified,Website,5,54256.0,34.24766737638465,77.48062377643336
ENQ00785,2026-01-07 22:12:00,Goa,Lost,Website,2,97542.0,15.377985111894706,74.17588301877767
ENQ00786,2026-01-21 21:41:00,Goa,Lost,Website,3,19316.0,15.268828709465653,74.1666085827035
ENQ00787,2026-01-19 19:47:00,Varanasi,Booked,Google Ads,5,26080.0,25.304968078584274,82.88581949291925
ENQ00788,2026-02-21 07:17:00,Jaipur,Contacted,Google Ads,6,56098.0,26.825165307626328,75.83973532131758
ENQ00789,2026-03-01 16:04:00,Udaipur,Booked,Referral,4,39187.0,24.633685625894802,73.73186091314554
ENQ00790,2026-04-26 10:33:00,Ladakh,New,WhatsApp,2,58228.0,34.12127867685276,77.56176547730952
ENQ00791,2026-02-26 11:46:00,Udaipur,Lost,Website,3,38210.0,24.559355747426878,73.57274446918585
ENQ00792,2026-05-11 10:04:00,Udaipur,Qualified,Referral,5,30803.0,24.590300260020502,73.75429638889676
ENQ00793,2026-02-22 14:47:00,Manali,Lost,Website,4,36135.0,32.248608703902256,77.33073193376154
ENQ00794,2026-02-17 08:10:00,Jaipur,Qualified,Instagram,2,13694.0,26.832035028413603,75.7344117026485
ENQ00795,2026-02-19 15:15:00,Udaipur,Contacted,Instagram,2,23910.0,24.596041519654694,73.7320013448154
ENQ00796,2026-03-01 09:37:00,Kerala,Lost,Website,2,61289.0,10.698403309997898,76.31931583999005
ENQ00797,2026-05-31 15:03:00,Ladakh,Qualified,Website,3,68391.0,34.17246534716445,77.40744856449335
ENQ00798,2026-02-14 17:18:00,Jaipur,Lost,Website,3,75313.0,26.903063258489208,75.7226166782449
ENQ00799,2026-02-19 09:08:00,Goa,Lost,Website,4,48778.0,15.263034138854897,74.01695193722577
ENQ00800,2026-06-22 08:12:00,Manali,Qualified,WhatsApp,6,14493.0,32.276495094293885,77.33014211044562
ENQ00801,2026-04-28 19:46:00,Varanasi,Qualified,Website,4,30058.0,25.33880188593362,82.8011492718589
ENQ00802,2026-02-04 18:13:00,Udaipur,Booked,Instagram,4,72601.0,24.608247682986622,73.69692889662409
ENQ00803,2026-06-06 11:02:00,Ladakh,Lost,WhatsApp,3,83034.0,34.06451899721967,77.60528990651127
ENQ00804,2026-02-02 21:12:00,Goa,Lost,Google Ads,4,73853.0,15.36968117825019,74.07052052144854
ENQ00805,2026-01-30 10:05:00,Manali,Contacted,Instagram,6,35966.0,32.11170137513505,77.02826622083657
ENQ00806,2026-03-22 21:37:00,Jaipur,Booked,WhatsApp,1,22218.0,26.859145192513175,75.77485972245921
ENQ00807,2026-05-05 08:58:00,Goa,Contacted,Website,3,39275.0,15.258019554909001,74.069337432587
ENQ00808,2026-02-04 17:10:00,Manali,Booked,Website,1,40267.0,32.28863196217026,77.22622608369167
ENQ00809,2026-05-16 07:43:00,Kerala,Booked,Google Ads,2,80914.0,10.866467472220815,76.33641902274753
ENQ00810,2026-01-29 10:21:00,Manali,Lost,Instagram,1,44318.0,32.190695411776375,77.10163526119531
ENQ00811,2026-05-21 13:04:00,Manali,Qualified,Referral,4,40301.0,32.20141330606181,77.14189577826546
ENQ00812,2026-01-18 08:41:00,Kerala,Contacted,Website,5,41345.0,10.686396843516238,76.22745450883625
ENQ00813,2026-03-25 14:12:00,Udaipur,Contacted,Google Ads,6,47886.0,24.67378804441458,73.77656827444943
ENQ00814,2026-04-26 10:30:00,Goa,New,Google Ads,2,53026.0,15.341314708556487,74.13452944345896
ENQ00815,2026-02-17 08:30:00,Goa,Contacted,WhatsApp,5,28871.0,15.415211882091363,74.03918656841056
ENQ00816,2026-04-21 22:35:00,Varanasi,Lost,Website,2,24852.0,25.240413830242968,83.06384362189509
ENQ00817,2026-05-04 22:08:00,Udaipur,Qualified,Website,2,74116.0,24.587608391747096,73.65880573543647
ENQ00818,2026-04-28 22:15:00,Udaipur,Contacted,WhatsApp,4,19114.0,24.629553970140517,73.67742264306497
ENQ00819,2026-03-13 09:44:00,Goa,Booked,Google Ads,5,83585.0,15.232297960362182,74.05477185497062
ENQ00820,2026-05-20 13:55:00,Kerala,Contacted,Website,4,16930.0,10.876223948882082,76.28756523973045
ENQ00821,2026-05-12 12:00:00,Ladakh,Contacted,Website,1,30748.0,34.27393974133248,77.55379286027188
ENQ00822,2026-02-28 12:24:00,Manali,Lost,Referral,3,61943.0,32.21862804409617,77.30437068244215
ENQ00823,2026-05-13 13:52:00,Manali,New,Google Ads,2,40006.0,32.32205174346221,77.20079186430102
ENQ00824,2026-06-15 15:17:00,Ladakh,Qualified,Google Ads,1,22120.0,34.0277189821935,77.51205161741734
ENQ00825,2026-05-28 14:26:00,Jaipur,Booked,WhatsApp,1,48462.0,26.828072416208983,75.79021614215195
ENQ00826,2026-05-12 11:54:00,Varanasi,Contacted,Website,3,41224.0,25.276932710836675,83.10213239142739
ENQ00827,2026-05-18 22:58:00,Udaipur,Contacted,Website,1,36294.0,24.45968502289808,73.619592822647
ENQ00828,2026-05-25 22:39:00,Goa,Contacted,Google Ads,5,30208.0,15.318870302790389,74.16571488398112
ENQ00829,2026-02-22 12:41:00,Varanasi,Contacted,WhatsApp,1,39382.0,25.110629101528332,82.83506718726679
ENQ00830,2026-05-10 10:36:00,Manali,Lost,Website,2,30785.0,32.22211170454875,77.29768349051879
ENQ00831,2026-02-05 15:17:00,Udaipur,Qualified,Google Ads,6,119632.0,24.73642087081736,73.67934020078697
ENQ00832,2026-03-06 12:53:00,Ladakh,Qualified,Website,5,35905.0,34.13894824180637,77.51005073941722
ENQ00833,2026-06-18 22:02:00,Ladakh,Qualified,Website,4,33808.0,34.20325651199089,77.69928236675952
ENQ00834,2026-02-20 13:03:00,Jaipur,Lost,WhatsApp,1,31348.0,27.012881658990405,75.78497995098756
ENQ00835,2026-06-01 07:36:00,Varanasi,New,Website,1,88989.0,25.25051746358918,82.97455576034478
ENQ00836,2026-03-18 09:50:00,Ladakh,Lost,Website,6,19131.0,34.263062936354686,77.54495863213226
ENQ00837,2026-02-07 08:48:00,Kerala,Contacted,Referral,5,47022.0,10.70526567765218,76.24229925973461
ENQ00838,2026-01-18 13:40:00,Kerala,Lost,Instagram,6,35917.0,10.828177939720932,76.12539614709844
ENQ00839,2026-04-09 12:22:00,Jaipur,Contacted,Instagram,5,21081.0,26.930962986559866,75.82778037306043
ENQ00840,2026-03-23 20:21:00,Udaipur,New,Referral,1,27669.0,24.734191409185463,73.60590984345255
ENQ00841,2026-04-03 21:25:00,Jaipur,Qualified,Website,5,46132.0,26.970841714503102,75.86464689209407
ENQ00842,2026-01-08 09:15:00,Goa,Contacted,Google Ads,3,27110.0,15.340869674474826,74.04345586937247
ENQ00843,2026-02-18 22:25:00,Ladakh,Booked,Website,5,44956.0,34.0674058655406,77.5847757401827
ENQ00844,2026-01-01 16:06:00,Ladakh,Booked,Website,3,87095.0,34.1598142127877,77.5322452940297
ENQ00845,2026-02-24 11:19:00,Ladakh,Booked,Google Ads,5,43192.0,34.25593096108266,77.54493987340064
ENQ00846,2026-06-17 13:56:00,Manali,Contacted,Website,6,20797.0,32.09170394047048,77.17127547883962
ENQ00847,2026-01-28 14:42:00,Goa,Booked,WhatsApp,6,27326.0,15.337721867859656,74.15135689216488
ENQ00848,2026-05-05 09:08:00,Manali,Contacted,WhatsApp,4,35179.0,32.2699378069712,77.30871912114853
ENQ00849,2026-01-02 20:17:00,Jaipur,Lost,WhatsApp,2,34137.0,26.823216754263832,75.75340333213195
ENQ00850,2026-04-12 07:15:00,Ladakh,Booked,Website,4,42832.0,34.27620432304083,77.41961200904285
ENQ00851,2026-06-15 08:16:00,Kerala,Booked,Website,3,46039.0,10.846204444223778,76.36941368921897
ENQ00852,2026-03-03 11:41:00,Manali,Lost,WhatsApp,2,87149.0,32.34032130007473,77.24200930982771
ENQ00853,2026-02-05 09:53:00,Jaipur,Booked,Instagram,5,39933.0,26.967235144140936,75.70401815015559
ENQ00854,2026-04-13 07:42:00,Manali,Booked,Google Ads,1,23817.0,32.35305416671434,77.09319506309714
ENQ00855,2026-02-20 13:29:00,Ladakh,Contacted,Referral,3,67228.0,34.06136695845013,77.6080299304931
ENQ00856,2026-06-10 13:09:00,Varanasi,Booked,Website,5,70615.0,25.278158840342623,82.99043573592319
ENQ00857,2026-06-02 09:08:00,Jaipur,Qualified,Website,6,44411.0,26.94686136634242,75.92954877915004
ENQ00858,2026-04-28 19:48:00,Goa,New,Google Ads,4,35802.0,15.333997966845313,74.07451725566732
ENQ00859,2026-04-26 21:40:00,Manali,Booked,Google Ads,6,52933.0,32.29731903665489,77.12265966399343
ENQ00860,2026-04-19 18:30:00,Jaipur,New,Website,5,36375.0,26.985452441950084,75.79247023356554
ENQ00861,2026-05-13 15:34:00,Ladakh,Booked,Google Ads,2,15860.0,34.184643505292556,77.43454768183082
ENQ00862,2026-03-24 22:50:00,Kerala,New,Referral,6,51544.0,10.670440352385482,76.15098606140693
ENQ00863,2026-06-24 12:48:00,Jaipur,Qualified,Instagram,3,59763.0,27.052061668455877,75.69544761417224
ENQ00864,2026-03-04 13:05:00,Udaipur,Lost,Website,4,76506.0,24.643984784159116,73.66114737608714
ENQ00865,2026-01-02 07:23:00,Manali,New,Referral,2,28790.0,32.22399759206246,77.18562237959446
ENQ00866,2026-05-06 18:02:00,Goa,Booked,Referral,4,44285.0,15.43080227422492,74.1707604424633
ENQ00867,2026-04-30 08:23:00,Kerala,Booked,WhatsApp,5,44719.0,10.881302651225628,76.3748358745689
ENQ00868,2026-06-26 17:38:00,Jaipur,Lost,Website,6,41567.0,26.861744250899076,75.87276743815612
ENQ00869,2026-03-13 19:12:00,Manali,New,WhatsApp,6,42122.0,32.3153042076127,77.26039194905948
ENQ00870,2026-03-18 10:09:00,Udaipur,Booked,Referral,5,40674.0,24.57299866376708,73.67751480833782
ENQ00871,2026-04-12 16:29:00,Ladakh,Qualified,Google Ads,4,43999.0,34.08301410838644,77.51242541080268
ENQ00872,2026-03-12 11:31:00,Goa,Qualified,Website,6,55823.0,15.22593894791532,74.15334782094608
ENQ00873,2026-05-22 13:42:00,Kerala,Contacted,Website,1,69270.0,10.832233094938395,76.3056120158144
ENQ00874,2026-03-19 15:00:00,Goa,Qualified,Instagram,6,28461.0,15.338330561572224,74.03921951565692
ENQ00875,2026-05-22 10:14:00,Kerala,Qualified,Website,2,37016.0,10.763318517431262,76.25280716934614
ENQ00876,2026-03-18 19:46:00,Goa,New,Website,3,33073.0,15.237290342110898,74.05356702883789
ENQ00877,2026-02-10 13:40:00,Kerala,Qualified,WhatsApp,6,31011.0,10.98615496072599,76.14843161824982
ENQ00878,2026-06-28 14:53:00,Goa,Booked,Website,5,19330.0,15.461145154182242,74.14711011066872
ENQ00879,2026-04-05 20:48:00,Ladakh,Qualified,WhatsApp,6,40438.0,34.23149906264143,77.64646662538642
ENQ00880,2026-05-08 10:50:00,Ladakh,New,Instagram,5,49629.0,34.20195673418128,77.70994654393145
ENQ00881,2026-04-17 14:30:00,Goa,Contacted,Referral,4,37303.0,15.212706664921859,74.11148972977772
ENQ00882,2026-03-06 22:57:00,Udaipur,Qualified,Website,2,39839.0,24.51717224699994,73.57681363751742
ENQ00883,2026-06-24 13:24:00,Jaipur,Booked,Google Ads,6,48288.0,26.859500710515345,75.93710382225791
ENQ00884,2026-03-08 08:54:00,Varanasi,Lost,Google Ads,4,75481.0,25.303722664206582,83.13258125706669
ENQ00885,2026-06-28 11:23:00,Goa,Booked,WhatsApp,5,33115.0,15.466166173075457,74.36361042909569
ENQ00886,2026-03-19 22:26:00,Jaipur,Booked,Website,3,23610.0,27.064839441527866,75.97595054922671
ENQ00887,2026-01-05 19:41:00,Varanasi,New,Website,6,38405.0,25.343613403284458,82.99216625869494
ENQ00888,2026-01-07 19:23:00,Manali,Lost,WhatsApp,3,93362.0,32.26678714889723,77.18920497636883
ENQ00889,2026-06-25 11:08:00,Kerala,Contacted,Website,2,23724.0,10.862473050813403,76.33127460521227
ENQ00890,2026-04-06 20:53:00,Kerala,Contacted,Google Ads,2,53594.0,10.813234571576277,76.1608900609753
ENQ00891,2026-03-11 13:27:00,Jaipur,Contacted,Website,5,67353.0,26.941489503805805,75.73187561325402
ENQ00892,2026-05-27 19:55:00,Jaipur,New,Website,5,13796.0,26.865258120202295,75.77587974157487
ENQ00893,2026-04-22 21:23:00,Kerala,Booked,Google Ads,2,48109.0,10.82072854243729,76.35990339940133
ENQ00894,2026-04-29 10:58:00,Kerala,Contacted,Google Ads,5,52479.0,10.837160676838133,76.36393597103014
ENQ00895,2026-05-04 22:36:00,Jaipur,Contacted,Google Ads,6,35466.0,26.928881299915375,75.78021767984515
ENQ00896,2026-02-05 17:46:00,Manali,Contacted,Instagram,4,29904.0,32.255857638902945,77.08586961087835
ENQ00897,2026-01-16 18:45:00,Kerala,Lost,Referral,6,30664.0,10.877546175157656,76.3390351437052
ENQ00898,2026-05-12 19:12:00,Kerala,Booked,WhatsApp,1,34502.0,10.929768034147699,76.16292607316977
ENQ00899,2026-01-04 09:48:00,Udaipur,Lost,Website,3,34916.0,24.463881583820562,73.66955451799353
ENQ00900,2026-05-10 18:56:00,Manali,Lost,Website,4,32073.0,32.353972988639434,77.20687803148643
ENQ00901,2026-01-24 10:39:00,Kerala,Lost,Website,3,34256.0,10.788524380820144,76.15486484264558
ENQ00902,2026-02-17 11:56:00,Kerala,Qualified,Referral,1,68356.0,10.795780855643711,76.21097590971895
ENQ00903,2026-05-08 08:50:00,Goa,New,Instagram,3,23159.0,15.374149417491621,74.20500353995097
ENQ00904,2026-04-23 09:39:00,Jaipur,Contacted,Google Ads,3,18207.0,26.82840785022473,75.84755328492653
ENQ00905,2026-05-21 22:28:00,Jaipur,Contacted,Instagram,2,68850.0,26.964460551894035,75.69292553481897
ENQ00906,2026-04-20 12:51:00,Udaipur,Booked,Google Ads,3,36689.0,24.578694504093768,73.7397655990526
ENQ00907,2026-01-09 13:11:00,Goa,New,Referral,3,33588.0,15.31235883349739,73.98715671385531
ENQ00908,2026-06-01 14:33:00,Kerala,New,Instagram,6,38047.0,10.86099459636133,76.32200119131454
ENQ00909,2026-02-08 18:48:00,Kerala,Booked,Instagram,3,43950.0,10.976867533509402,76.21759670398824
ENQ00910,2026-01-25 16:56:00,Manali,New,Website,3,31597.0,32.19956374747769,77.1724906587302
ENQ00911,2026-06-08 15:16:00,Udaipur,New,Instagram,3,50227.0,24.60869727370535,73.72026142140983
ENQ00912,2026-02-05 20:05:00,Varanasi,New,Website,4,25942.0,25.365944639037366,82.88388507662279
ENQ00913,2026-04-07 14:20:00,Jaipur,Booked,WhatsApp,2,34920.0,26.944148295143727,75.72792276958195
ENQ00914,2026-03-29 19:51:00,Udaipur,New,Instagram,6,14765.0,24.573933287835555,73.8491410901805
ENQ00915,2026-05-19 21:31:00,Manali,New,Website,3,67788.0,32.13134057529872,77.16684260252485
ENQ00916,2026-01-08 17:03:00,Goa,Contacted,Website,3,36953.0,15.19732833821515,74.13624543796413
ENQ00917,2026-01-20 07:07:00,Varanasi,Booked,Google Ads,1,54078.0,25.4014586332312,82.98747240950755
ENQ00918,2026-03-16 11:20:00,Varanasi,Contacted,WhatsApp,6,49568.0,25.308262731733144,83.08017218632416
ENQ00919,2026-03-27 16:20:00,Goa,New,Website,3,51228.0,15.325740194781773,74.18956528450494
ENQ00920,2026-05-22 14:08:00,Ladakh,Lost,Website,1,39860.0,34.20982059094761,77.34690076766746
ENQ00921,2026-04-20 11:29:00,Kerala,Lost,Instagram,2,47636.0,10.844366495550325,76.18485404248949
ENQ00922,2026-01-27 12:28:00,Kerala,Contacted,WhatsApp,3,25953.0,10.784154648467451,76.38906688858603
ENQ00923,2026-06-26 08:11:00,Jaipur,Contacted,WhatsApp,5,23614.0,26.882415556374195,75.93870545566448
ENQ00924,2026-03-24 10:13:00,Goa,Contacted,Website,1,38221.0,15.186684926378332,74.0373063375778
ENQ00925,2026-06-23 19:39:00,Manali,Booked,Google Ads,1,29458.0,32.30418805287616,77.16189027841932
ENQ00926,2026-06-28 07:57:00,Kerala,Contacted,Referral,4,75970.0,10.875086186928085,76.26211545389043
ENQ00927,2026-01-10 20:59:00,Manali,Lost,Referral,3,47356.0,32.23179390096272,77.16486111450143
ENQ00928,2026-04-02 12:33:00,Udaipur,Lost,Instagram,6,28976.0,24.59975946883262,73.76383106300224
ENQ00929,2026-03-17 19:02:00,Goa,Booked,Referral,5,35399.0,15.428453772077798,74.10779899717257
ENQ00930,2026-03-31 11:53:00,Varanasi,New,Google Ads,4,42467.0,25.28610893634913,82.93210307548327
ENQ00931,2026-02-25 20:57:00,Udaipur,Lost,Website,3,38794.0,24.7029827084026,73.76772599176911
ENQ00932,2026-04-11 16:16:00,Udaipur,Booked,Website,4,45203.0,24.433477325884947,73.5570503437763
ENQ00933,2026-03-30 20:24:00,Udaipur,Booked,Instagram,4,41255.0,24.51899536964015,73.73091163552435
ENQ00934,2026-02-03 07:01:00,Ladakh,New,Website,2,21393.0,34.14992238886251,77.6181822841475
ENQ00935,2026-02-21 19:48:00,Jaipur,Booked,Instagram,3,15195.0,26.89836452462534,75.89909350171031
ENQ00936,2026-01-27 11:46:00,Varanasi,Booked,Referral,6,33810.0,25.37936891030192,82.98010612856926
ENQ00937,2026-06-01 12:01:00,Ladakh,Lost,WhatsApp,4,51475.0,34.244227154442726,77.44508750205478
ENQ00938,2026-05-02 07:42:00,Kerala,Booked,Website,3,33981.0,10.843694022986782,76.28210098449024
ENQ00939,2026-03-11 22:24:00,Goa,Qualified,Website,5,69779.0,15.347462919996202,73.9867867197737
ENQ00940,2026-03-13 17:32:00,Ladakh,Qualified,Google Ads,2,39165.0,34.13176744745004,77.60903686370808
ENQ00941,2026-01-15 22:13:00,Goa,Booked,Instagram,2,73672.0,15.337472970111788,74.21889038731634
ENQ00942,2026-02-22 16:48:00,Goa,Lost,Website,6,67171.0,15.36022042659254,74.11913231605023
ENQ00943,2026-06-16 09:24:00,Goa,Booked,Referral,5,64197.0,15.353297899915901,74.10789090915563
ENQ00944,2026-01-06 12:50:00,Manali,Contacted,Website,3,23273.0,32.25494191622103,77.25278418801179
ENQ00945,2026-01-27 14:08:00,Manali,New,Website,6,40310.0,32.23957593654496,77.21815917436254
ENQ00946,2026-06-02 09:35:00,Manali,Booked,Referral,3,69347.0,32.32010470154536,77.24617318885912
ENQ00947,2026-04-04 21:18:00,Ladakh,Lost,Google Ads,5,45215.0,34.25127774847051,77.76327586383623
ENQ00948,2026-01-06 22:57:00,Manali,New,Instagram,1,51333.0,32.29943422186856,77.15229659588762
ENQ00949,2026-03-30 16:33:00,Manali,Qualified,Google Ads,5,21420.0,32.284145843825584,77.22670547331923
ENQ00950,2026-05-15 16:43:00,Ladakh,Lost,WhatsApp,2,94854.0,34.20168085548083,77.69660129977899
ENQ00951,2026-03-04 18:05:00,Udaipur,Qualified,Website,2,28016.0,24.45067107928128,73.83360703930639
ENQ00952,2026-03-10 17:40:00,Goa,Contacted,Google Ads,5,16304.0,15.44733334944465,74.16944565306162
ENQ00953,2026-04-24 08:06:00,Jaipur,Contacted,Website,2,34154.0,26.95977080649785,75.76796841541925
ENQ00954,2026-04-18 15:21:00,Kerala,Qualified,Instagram,3,13297.0,10.851005919185337,76.32693617273186
ENQ00955,2026-06-12 19:13:00,Udaipur,New,Instagram,6,24547.0,24.636084191421627,73.77015677840028
ENQ00956,2026-02-14 19:00:00,Kerala,Booked,Instagram,6,126496.0,10.900633485728262,76.34297119793139
ENQ00957,2026-02-19 16:35:00,Goa,Booked,Website,3,33712.0,15.362231893598853,74.04205210677918
ENQ00958,2026-01-28 21:14:00,Varanasi,Booked,Referral,1,21039.0,25.384181443480628,83.1225869293133
ENQ00959,2026-04-30 16:30:00,Kerala,Booked,Instagram,2,40458.0,10.848369859843569,76.3910583958386
ENQ00960,2026-04-07 13:45:00,Kerala,New,WhatsApp,4,26705.0,10.777116376007074,76.26871899043117
ENQ00961,2026-03-04 14:10:00,Ladakh,New,Instagram,3,59022.0,34.10130734785521,77.68733770019391
ENQ00962,2026-05-06 18:42:00,Udaipur,New,Referral,5,26805.0,24.71663812435271,73.704564310393
ENQ00963,2026-03-09 21:17:00,Kerala,New,Google Ads,6,45182.0,10.944184921812948,76.40315013023228
ENQ00964,2026-02-05 10:19:00,Kerala,Booked,Instagram,4,23872.0,10.847866491363067,76.28148012894377
ENQ00965,2026-04-08 11:34:00,Kerala,New,Google Ads,4,128823.0,10.90918922957016,76.20369696147839
ENQ00966,2026-03-20 17:37:00,Kerala,Booked,Referral,4,50175.0,10.859307807617165,76.44252296849616
ENQ00967,2026-03-14 19:39:00,Manali,New,Instagram,2,37465.0,32.203198918379975,77.25750609925652
ENQ00968,2026-03-22 13:11:00,Varanasi,New,Instagram,4,35060.0,25.35950435569096,82.96079872730377
ENQ00969,2026-06-14 17:34:00,Kerala,New,Google Ads,6,31179.0,10.868232407432751,76.41130959396315
ENQ00970,2026-02-08 07:15:00,Manali,Qualified,Google Ads,5,28402.0,32.28748777172635,77.2459854898609
ENQ00971,2026-02-19 11:16:00,Jaipur,Booked,Instagram,5,28053.0,27.04046898370014,75.76414716504014
ENQ00972,2026-04-12 22:56:00,Varanasi,Booked,Referral,6,85126.0,25.23384680721297,83.11536779132722
ENQ00973,2026-01-09 16:06:00,Kerala,New,Instagram,3,31193.0,10.861421742609474,76.34258806801192
ENQ00974,2026-01-27 20:24:00,Goa,Booked,Instagram,3,15343.0,15.238313665150452,74.15508210441969
ENQ00975,2026-04-12 10:26:00,Goa,Booked,Google Ads,6,23670.0,15.211545377211053,74.12909918717824
ENQ00976,2026-04-02 11:14:00,Goa,Contacted,WhatsApp,3,60725.0,15.247466145185738,74.053787653207
ENQ00977,2026-04-28 22:47:00,Ladakh,New,Website,5,35707.0,34.128350186450724,77.39352874856255
ENQ00978,2026-01-21 22:29:00,Ladakh,New,Website,4,37658.0,34.059807804977794,77.63959313250082
ENQ00979,2026-06-03 21:43:00,Kerala,New,Website,1,67714.0,10.878313311163819,76.18516504424299
ENQ00980,2026-03-29 12:23:00,Manali,Lost,Google Ads,2,28195.0,32.28702988555721,77.11894295422785
ENQ00981,2026-01-28 19:53:00,Varanasi,Qualified,Instagram,2,53169.0,25.37535710963307,82.96464887412306
ENQ00982,2026-02-26 14:43:00,Kerala,Qualified,Instagram,2,29617.0,10.824490147968614,76.26381491010181
ENQ00983,2026-02-10 20:19:00,Ladakh,Booked,Website,5,51833.0,34.35736227653326,77.51629587843821
ENQ00984,2026-03-23 20:57:00,Jaipur,Qualified,WhatsApp,6,33544.0,26.93052469330131,75.84980949675939
ENQ00985,2026-03-26 13:51:00,Jaipur,Booked,Instagram,6,35880.0,26.835406972072885,75.65975937300753
ENQ00986,2026-03-20 11:35:00,Kerala,New,Google Ads,2,57855.0,10.802412148563027,76.33185705608871
ENQ00987,2026-03-24 22:00:00,Goa,Qualified,Website,3,56008.0,15.271939723861738,74.10551152549111
ENQ00988,2026-06-13 14:35:00,Kerala,New,Website,2,37130.0,10.923361572103367,76.20659255364042
ENQ00989,2026-06-22 13:41:00,Udaipur,Contacted,Website,1,32351.0,24.57829957510831,73.59139271669466
ENQ00990,2026-03-30 17:21:00,Jaipur,Contacted,Instagram,4,82146.0,26.938057524858067,75.80566056596547
ENQ00991,2026-06-23 21:08:00,Manali,Booked,Instagram,6,52148.0,32.30684290385338,77.09757950946629
ENQ00992,2026-05-28 09:33:00,Varanasi,Booked,Website,1,33544.0,25.302248993538207,82.87162237116334
ENQ00993,2026-05-28 22:48:00,Udaipur,Booked,Instagram,4,29814.0,24.565711465107537,73.8310430460353
ENQ00994,2026-02-10 13:19:00,Manali,New,Website,1,63439.0,32.217539779522085,77.07992641406041
ENQ00995,2026-03-20 07:27:00,Goa,Lost,Instagram,6,42132.0,15.244909658802015,73.99512385332662
ENQ00996,2026-03-05 11:00:00,Kerala,New,Website,1,37162.0,10.746838169695422,76.32477895579963
ENQ00997,2026-01-18 14:42:00,Manali,Lost,Website,3,42124.0,32.127497341011036,77.21418628722839
ENQ00998,2026-01-14 17:51:00,Udaipur,Booked,Website,1,46567.0,24.587459414070604,73.66997774007254
ENQ00999,2026-04-23 16:46:00,Kerala,Booked,Google Ads,3,38993.0,10.868687998404623,76.19608707925222
ENQ01000,2026-03-17 09:25:00,Goa,Qualified,WhatsApp,3,68754.0,15.366567552066165,74.06813277611421
ENQ01001,2026-05-29 14:02:00,Varanasi,Booked,Google Ads,4,70498.0,25.28669064891145,82.93347191956823
ENQ01002,2026-05-01 10:29:00,Manali,Booked,Website,5,50817.0,32.298357885152626,77.23275551308072
ENQ01003,2026-01-16 11:56:00,Goa,New,WhatsApp,6,74255.0,15.089563906726097,74.14433943490225
ENQ01004,2026-05-31 18:05:00,Kerala,Booked,WhatsApp,3,40153.0,10.710932573453954,76.24379426302487
ENQ01005,2026-03-31 19:12:00,Ladakh,New,Instagram,6,54572.0,34.143946078260264,77.54883534163746
ENQ01006,2026-04-12 09:50:00,Varanasi,Qualified,Website,3,62858.0,25.35766553776791,83.03150612528637
ENQ01007,2026-06-23 16:34:00,Goa,Booked,Referral,1,63272.0,15.237422736574457,74.05921623980021
ENQ01008,2026-04-26 13:10:00,Varanasi,Lost,WhatsApp,4,60405.0,25.314722435707797,82.85040143355471
ENQ01009,2026-01-05 12:01:00,Goa,Qualified,Referral,5,53139.0,15.261141761984986,74.23184622667098
ENQ01010,2026-02-01 18:24:00,Kerala,Contacted,Google Ads,2,96504.0,10.729995954783144,76.24389061125493
ENQ01011,2026-03-18 10:35:00,Kerala,Qualified,Google Ads,4,31375.0,10.803115934965591,76.43152143051103
ENQ01012,2026-01-07 19:50:00,Goa,Contacted,WhatsApp,3,37301.0,15.256271103466428,74.08561512917132
ENQ01013,2026-01-31 13:53:00,Goa,Qualified,Website,1,36319.0,15.216838805775861,74.12474574428538
ENQ01014,2026-05-23 08:27:00,Ladakh,Qualified,Website,3,33894.0,34.17421336440189,77.50613441219043
ENQ01015,2026-01-26 19:25:00,Goa,Booked,Referral,3,16345.0,15.378397824057759,74.14568508674307
ENQ01016,2026-01-31 20:55:00,Udaipur,Contacted,Website,3,74260.0,24.653551941501213,73.6862491577728
ENQ01017,2026-04-01 16:46:00,Kerala,Contacted,Instagram,6,25208.0,10.869954746471308,76.25405228041008
ENQ01018,2026-01-17 18:12:00,Kerala,Qualified,Website,3,43176.0,10.967114523959292,76.28040113098969
ENQ01019,2026-02-16 09:40:00,Jaipur,New,Website,4,21095.0,26.9131003158652,75.75064064007833
ENQ01020,2026-06-18 12:42:00,Goa,Contacted,Website,1,52889.0,15.258022909562227,74.1430177659859
ENQ01021,2026-04-24 12:14:00,Goa,Contacted,Google Ads,2,28091.0,15.364866996749818,74.06923535216718
ENQ01022,2026-06-23 19:58:00,Kerala,Qualified,Instagram,6,23991.0,10.86062634217409,76.28583355928153
ENQ01023,2026-03-05 12:17:00,Ladakh,Contacted,Google Ads,6,43656.0,34.18126908131005,77.44040028785115
ENQ01024,2026-04-21 18:32:00,Ladakh,Booked,Website,6,29182.0,34.07862138402312,77.46773243839024
ENQ01025,2026-02-12 11:29:00,Jaipur,Lost,WhatsApp,1,30892.0,26.91503075413214,75.71522213040878
ENQ01026,2026-03-10 16:41:00,Goa,Qualified,Google Ads,6,43215.0,15.259600710525861,74.02845755808713
ENQ01027,2026-02-01 10:54:00,Goa,Contacted,WhatsApp,2,57333.0,15.267041077026576,74.0340717119025
ENQ01028,2026-05-30 15:23:00,Ladakh,New,Instagram,1,27677.0,34.21323267536263,77.61533823758364
ENQ01029,2026-02-03 08:23:00,Goa,New,Website,1,25606.0,15.311318342517948,74.09984464562555
ENQ01030,2026-02-06 18:45:00,Goa,Booked,Referral,5,40425.0,15.136285058695783,74.0873434699604
ENQ01031,2026-03-25 07:57:00,Kerala,Booked,Referral,4,50986.0,10.78958347650501,76.29088193738124
ENQ01032,2026-03-19 22:54:00,Kerala,New,Website,4,77256.0,10.90007657350435,76.29707061299945
ENQ01033,2026-02-26 20:45:00,Goa,Contacted,Google Ads,6,24699.0,15.400343064730128,74.07853486124918
ENQ01034,2026-03-06 16:42:00,Varanasi,Contacted,Google Ads,1,34667.0,25.268817929494347,83.0569302583122
ENQ01035,2026-02-23 21:46:00,Jaipur,Contacted,Website,1,67896.0,26.925697311563052,75.76754010075662
ENQ01036,2026-06-14 19:56:00,Jaipur,Lost,Google Ads,6,97200.0,27.060121691591583,75.83351844379062
ENQ01037,2026-04-15 09:00:00,Jaipur,Contacted,Website,4,25585.0,26.897156466085274,75.73242441490822
ENQ01038,2026-06-15 18:35:00,Manali,New,Website,5,28686.0,32.34932101372671,77.20575976167117
ENQ01039,2026-06-27 13:02:00,Ladakh,Contacted,WhatsApp,4,47483.0,34.154561353563075,77.63110211419641
ENQ01040,2026-04-28 20:34:00,Kerala,New,Instagram,1,30843.0,10.920907028548319,76.31508959875927
ENQ01041,2026-05-29 20:23:00,Varanasi,New,Referral,4,28424.0,25.388318046050554,83.01000994871221
ENQ01042,2026-01-20 22:18:00,Goa,Qualified,Referral,6,44652.0,15.34369124667442,74.06546897161252
ENQ01043,2026-06-20 14:53:00,Varanasi,Contacted,WhatsApp,1,80328.0,25.462428310529404,82.87520586728074
ENQ01044,2026-03-28 10:42:00,Ladakh,New,Instagram,1,22189.0,34.1773502091598,77.47005863534571
ENQ01045,2026-05-09 09:34:00,Goa,Booked,Instagram,3,78502.0,15.291449700893125,74.07829650897055
ENQ01046,2026-02-14 09:52:00,Ladakh,Qualified,Website,3,30884.0,34.163460469707516,77.60434061450862
ENQ01047,2026-01-18 22:05:00,Kerala,New,Google Ads,4,46735.0,10.773993303760433,76.26874684360388
ENQ01048,2026-06-09 16:38:00,Varanasi,Lost,Instagram,1,81840.0,25.4290939377965,82.86891879219988
ENQ01049,2026-03-22 12:09:00,Goa,Contacted,Referral,6,46306.0,15.230975698467034,74.19286037183322
ENQ01050,2026-01-25 14:13:00,Kerala,Lost,Instagram,1,34988.0,10.856704385059714,76.28319239438596
ENQ01051,2026-04-29 09:11:00,Manali,Lost,Website,2,55261.0,32.32498418789539,77.12567450385613
ENQ01052,2026-01-10 16:32:00,Ladakh,Qualified,WhatsApp,6,37001.0,34.11105318159219,77.52558865068265
ENQ01053,2026-03-23 13:37:00,Ladakh,Contacted,Referral,3,50577.0,34.12474375621316,77.68416176679581
ENQ01054,2026-05-07 19:45:00,Manali,Lost,Instagram,4,36480.0,32.10711359235804,77.09366249512719
ENQ01055,2026-05-10 07:26:00,Ladakh,Contacted,Google Ads,3,58933.0,34.04334535461655,77.68913551605488
ENQ01056,2026-03-23 21:56:00,Ladakh,New,Instagram,2,21359.0,34.10344800522402,77.5508661083132
ENQ01057,2026-03-08 07:22:00,Kerala,Booked,Referral,4,25350.0,10.721329265766325,76.25010911710673
ENQ01058,2026-05-31 13:09:00,Jaipur,Qualified,Instagram,5,21218.0,26.98172173766736,75.80753656386185
ENQ01059,2026-02-03 12:02:00,Goa,Lost,Google Ads,1,38997.0,15.29067087589611,73.99880915796386
ENQ01060,2026-01-14 18:07:00,Jaipur,Booked,Website,6,20097.0,26.886163833015363,75.79905318111408
ENQ01061,2026-01-29 17:26:00,Jaipur,Lost,Website,2,29299.0,26.833054011437337,75.83969129263824
ENQ01062,2026-05-25 10:24:00,Ladakh,Booked,Referral,6,24301.0,34.223405483731604,77.53470810330766
ENQ01063,2026-03-26 14:51:00,Goa,Booked,Instagram,6,77846.0,15.357366575501738,74.11522083220127
ENQ01064,2026-01-07 15:07:00,Varanasi,Qualified,Website,6,25612.0,25.409371038526302,83.13663205280464
ENQ01065,2026-01-31 14:15:00,Kerala,Lost,Website,4,22420.0,10.763006761445341,76.33265875228373
ENQ01066,2026-01-06 07:58:00,Kerala,Lost,Instagram,6,44729.0,10.95489716529302,76.19344557277186
ENQ01067,2026-05-27 09:01:00,Goa,Lost,Google Ads,6,85452.0,15.253290346542508,74.07708983214165
ENQ01068,2026-03-25 15:25:00,Kerala,Booked,Instagram,4,37964.0,10.83987750091711,76.24259075950235
ENQ01069,2026-01-13 11:11:00,Kerala,Booked,Referral,6,39309.0,10.834637232955593,76.33813906626226
ENQ01070,2026-02-09 15:32:00,Kerala,Contacted,WhatsApp,3,71502.0,10.698835062249108,76.1931885262687
ENQ01071,2026-04-21 09:58:00,Goa,Lost,Instagram,6,59387.0,15.35289424609679,74.16822209188966
ENQ01072,2026-04-17 18:13:00,Varanasi,New,Referral,6,48440.0,25.232916624477326,83.0186761560243
ENQ01073,2026-05-28 10:22:00,Jaipur,Contacted,Website,4,30779.0,27.018549356545584,75.78337787884276
ENQ01074,2026-01-05 17:26:00,Kerala,Qualified,Instagram,1,49110.0,10.76986311823489,76.34109634050515
ENQ01075,2026-01-13 20:47:00,Manali,Booked,Website,2,21683.0,32.38104363447767,77.11830877572483
ENQ01076,2026-01-07 12:59:00,Goa,Booked,Website,2,30212.0,15.302440165916003,74.21121245079095
ENQ01077,2026-03-12 09:05:00,Udaipur,New,Website,4,76175.0,24.594628697197056,73.57271629335936
ENQ01078,2026-05-11 07:29:00,Goa,New,Website,3,71864.0,15.334773417502864,74.04569530909416
ENQ01079,2026-04-30 12:45:00,Ladakh,Contacted,Referral,5,48703.0,34.05094219208048,77.43878016072114
ENQ01080,2026-02-07 08:00:00,Ladakh,Contacted,Google Ads,2,16788.0,34.24783258345325,77.5102230944786
ENQ01081,2026-04-29 21:48:00,Manali,New,WhatsApp,1,23224.0,32.269866894419835,77.23551635444635
ENQ01082,2026-04-29 22:14:00,Goa,Booked,Google Ads,4,29462.0,15.312245519185216,74.14772566239792
ENQ01083,2026-02-04 22:31:00,Jaipur,Contacted,Google Ads,1,37026.0,26.94288384699196,75.79834781493163
ENQ01084,2026-05-15 21:58:00,Ladakh,Contacted,Website,6,22787.0,34.09178723885472,77.50905302702787
ENQ01085,2026-03-18 16:38:00,Kerala,Contacted,Google Ads,1,35803.0,10.842101476465926,76.26100687615609
ENQ01086,2026-01-11 12:59:00,Jaipur,Qualified,Instagram,3,88603.0,26.94674557859413,75.87543200537321
ENQ01087,2026-03-12 14:36:00,Manali,Lost,WhatsApp,6,47907.0,32.27071242884556,77.12432930247063
ENQ01088,2026-05-19 11:12:00,Jaipur,New,WhatsApp,4,44139.0,26.737907534821552,75.72578502352965
ENQ01089,2026-05-06 20:41:00,Kerala,Contacted,Website,5,25304.0,10.742940771077878,76.21267022381114
ENQ01090,2026-02-18 13:36:00,Manali,Booked,Google Ads,3,19132.0,32.26258215910922,77.1959512406271
ENQ01091,2026-05-17 13:18:00,Jaipur,New,Google Ads,5,23016.0,27.06105420935506,75.82594652416658
ENQ01092,2026-03-12 18:04:00,Udaipur,Lost,Google Ads,5,18787.0,24.738133382665175,73.7697111523192
ENQ01093,2026-03-24 12:38:00,Goa,Lost,Website,4,41374.0,15.386156539464404,74.09528781827032
ENQ01094,2026-01-16 12:34:00,Kerala,Booked,Google Ads,1,47543.0,10.764539257333658,76.23518320873593
ENQ01095,2026-06-29 10:46:00,Kerala,Lost,Referral,6,25907.0,10.84955043754576,76.2208472892796
ENQ01096,2026-05-31 08:07:00,Ladakh,Qualified,Instagram,1,42753.0,34.072508606042334,77.61034701539366
ENQ01097,2026-02-05 07:32:00,Manali,Qualified,Instagram,3,77473.0,32.16276822670422,77.06652064415051
ENQ01098,2026-04-11 13:49:00,Ladakh,New,Website,4,96529.0,34.06283311088819,77.55825156093894
ENQ01099,2026-05-21 22:53:00,Goa,New,WhatsApp,5,56575.0,15.220026471378839,74.10575280773452
ENQ01100,2026-04-01 11:56:00,Udaipur,Contacted,Website,4,36973.0,24.633435544422337,73.75845544374907
ENQ01101,2026-02-07 17:12:00,Goa,Qualified,Website,3,55758.0,15.246433927272856,74.01968467303688
ENQ01102,2026-06-24 12:10:00,Varanasi,Qualified,Website,3,73493.0,25.271550122788064,83.02635158478269
ENQ01103,2026-02-18 11:34:00,Jaipur,Contacted,Referral,6,16210.0,26.983535698323568,75.81553119368267
ENQ01104,2026-03-02 09:27:00,Ladakh,Booked,Google Ads,3,77930.0,34.24871488407963,77.71533616956955
ENQ01105,2026-03-08 16:14:00,Ladakh,Contacted,Website,6,31306.0,34.11394176574964,77.69592506031891
ENQ01106,2026-06-10 17:06:00,Manali,Contacted,Website,1,31442.0,32.22235603833666,77.2707878957808
ENQ01107,2026-04-01 12:08:00,Kerala,Contacted,Referral,4,34095.0,10.90718579749382,76.11293532645979
ENQ01108,2026-05-10 15:20:00,Kerala,Booked,Instagram,5,46197.0,10.773201829205856,76.17339696669518
ENQ01109,2026-06-12 14:44:00,Goa,Qualified,Website,5,24260.0,15.15673623746993,74.19434519867164
ENQ01110,2026-06-17 11:03:00,Varanasi,Booked,WhatsApp,3,35188.0,25.483101748409602,82.95328619962407
ENQ01111,2026-06-04 18:06:00,Varanasi,New,Website,5,50666.0,25.385932533229308,83.09267002541526
ENQ01112,2026-06-13 15:15:00,Kerala,Qualified,Instagram,3,44134.0,10.86716653601462,76.2690749548068
ENQ01113,2026-06-20 08:52:00,Goa,Lost,Website,4,47477.0,15.279644965780633,74.16700471057639
ENQ01114,2026-06-28 14:59:00,Ladakh,New,Referral,6,34574.0,34.22257552400261,77.61394439248313
ENQ01115,2026-04-26 13:26:00,Jaipur,Qualified,Referral,5,54655.0,26.94659704606535,75.78320376790336
ENQ01116,2026-01-24 19:02:00,Kerala,New,Instagram,5,64345.0,10.723063637994178,76.34291731110054
ENQ01117,2026-01-21 11:00:00,Jaipur,New,Google Ads,6,62632.0,26.809629990430814,75.83685085136686
ENQ01118,2026-05-24 22:51:00,Goa,Qualified,WhatsApp,2,48487.0,15.359758931999437,74.03276543164074
ENQ01119,2026-02-26 16:26:00,Jaipur,New,Referral,4,61031.0,26.86377593675159,75.95701796411119
ENQ01120,2026-05-25 09:04:00,Manali,Qualified,Instagram,4,59196.0,32.23684142097045,77.09158290596524
ENQ01121,2026-06-18 13:50:00,Kerala,Lost,Instagram,5,133394.0,10.914570339177043,76.20928598355415
ENQ01122,2026-04-26 21:31:00,Kerala,Contacted,WhatsApp,1,69201.0,10.696858078203672,76.31268156384373
ENQ01123,2026-05-18 11:20:00,Varanasi,New,Website,5,38434.0,25.24427057473735,82.9995950673778
ENQ01124,2026-02-20 18:27:00,Varanasi,Lost,Website,2,26539.0,25.25258479695181,83.03047633554158
ENQ01125,2026-03-20 19:13:00,Goa,Qualified,Website,3,35565.0,15.313979865968475,73.91686331288328
ENQ01126,2026-06-23 18:55:00,Jaipur,Lost,Referral,5,34452.0,26.942961003256368,75.76412149372557
ENQ01127,2026-05-28 08:47:00,Kerala,Contacted,Website,2,50351.0,10.963837411375264,76.30271662792127
ENQ01128,2026-02-06 12:11:00,Kerala,Booked,Website,1,29188.0,10.910992627500242,76.21425673591833
ENQ01129,2026-06-18 12:44:00,Kerala,Lost,Google Ads,5,68399.0,10.787294579934564,76.26904805351516
ENQ01130,2026-03-31 12:10:00,Goa,New,Website,2,21404.0,15.270450709856492,74.23104072417681
ENQ01131,2026-06-01 21:27:00,Udaipur,Booked,Website,5,19187.0,24.573134475302133,73.61451426000131
ENQ01132,2026-04-04 07:44:00,Jaipur,Booked,Instagram,6,37640.0,26.84619352690491,75.86450408676912
ENQ01133,2026-04-19 15:02:00,Kerala,Booked,Website,3,27378.0,10.837119412458966,76.25344305856402
ENQ01134,2026-01-30 22:43:00,Jaipur,New,WhatsApp,5,22707.0,26.997215005537424,75.71411894489076
ENQ01135,2026-03-02 21:13:00,Kerala,Qualified,Website,2,30030.0,10.671685896125814,76.20287066829147
ENQ01136,2026-05-11 16:41:00,Manali,New,WhatsApp,6,28395.0,32.262567127083706,77.16923907837295
ENQ01137,2026-06-01 22:29:00,Varanasi,Lost,Instagram,2,40183.0,25.192765630393243,83.05518476250812
ENQ01138,2026-01-16 13:01:00,Jaipur,New,Website,6,30255.0,26.92547975568676,75.81842117557709
ENQ01139,2026-01-14 16:45:00,Kerala,New,Website,5,31383.0,10.88406882078267,76.16721806033202
ENQ01140,2026-05-05 15:15:00,Goa,Lost,Instagram,2,39913.0,15.32353031331436,74.19659630265616
ENQ01141,2026-03-22 07:57:00,Varanasi,Contacted,Instagram,5,63136.0,25.40882481842965,83.03160106600103
ENQ01142,2026-06-02 07:50:00,Jaipur,Booked,Website,4,77534.0,26.953450372687364,75.64830629881837
ENQ01143,2026-01-13 21:11:00,Jaipur,Contacted,WhatsApp,5,42750.0,26.911205227777803,75.71077405204508
ENQ01144,2026-03-04 09:36:00,Varanasi,Booked,Instagram,3,44273.0,25.420173430555707,83.06433035939017
ENQ01145,2026-01-07 12:21:00,Jaipur,Contacted,WhatsApp,2,36835.0,26.836357695142386,75.78362174530352
ENQ01146,2026-05-08 16:36:00,Goa,Qualified,Website,5,49672.0,15.31918075548057,74.19606330059912
ENQ01147,2026-06-04 16:33:00,Udaipur,Qualified,Website,1,47678.0,24.451350540010605,73.535730214893
ENQ01148,2026-01-29 15:17:00,Udaipur,Contacted,Google Ads,3,72640.0,24.588451880867265,73.50998665420997
ENQ01149,2026-02-28 22:39:00,Udaipur,Contacted,Website,1,17098.0,24.598085792784964,73.75987662188662
ENQ01150,2026-06-02 19:15:00,Goa,New,Website,1,35994.0,15.398186392666222,74.07419453989952
ENQ01151,2026-01-08 22:54:00,Kerala,Booked,Website,1,46596.0,10.863394531690814,76.32322078717283
ENQ01152,2026-06-21 17:56:00,Udaipur,New,Website,1,39530.0,24.49134239932685,73.78572782382014
ENQ01153,2026-06-09 22:09:00,Jaipur,Contacted,Referral,6,26213.0,26.934347386018214,75.73886429354354
ENQ01154,2026-01-28 16:43:00,Varanasi,Contacted,Website,5,22291.0,25.328910445778046,82.96275324118562
ENQ01155,2026-01-26 15:55:00,Jaipur,Qualified,WhatsApp,6,57497.0,26.974805916019832,75.75846319278824
ENQ01156,2026-05-05 20:07:00,Ladakh,Booked,Website,1,28453.0,34.17076723947031,77.52732547054774
ENQ01157,2026-01-02 20:44:00,Kerala,Qualified,Instagram,6,18159.0,10.775472572904661,76.2848226233528
ENQ01158,2026-04-02 08:56:00,Manali,Lost,Instagram,4,58811.0,32.171458586638515,77.2532464233159
ENQ01159,2026-01-12 21:13:00,Manali,Booked,Instagram,5,49177.0,32.29057860257417,77.12799084349248
ENQ01160,2026-04-06 18:34:00,Goa,Lost,WhatsApp,6,37968.0,15.316402434549856,74.06242400797328
ENQ01161,2026-03-05 21:47:00,Goa,Booked,Referral,2,26505.0,15.170954975535867,74.07622198660424
ENQ01162,2026-05-08 18:20:00,Varanasi,New,Website,5,38009.0,25.313574653658183,83.01561269799308
ENQ01163,2026-06-08 21:14:00,Kerala,Lost,Instagram,4,69123.0,10.862458394437628,76.34371396920226
ENQ01164,2026-03-29 11:23:00,Kerala,Booked,Referral,3,19342.0,10.772006706286675,76.24096412896704
ENQ01165,2026-04-26 10:20:00,Goa,Booked,Website,3,19788.0,15.430849336141307,73.96951359576393
ENQ01166,2026-04-19 10:43:00,Varanasi,New,Google Ads,2,30156.0,25.28144365552592,82.88818048417899
ENQ01167,2026-06-27 11:22:00,Manali,New,Website,2,39523.0,32.22756812765967,77.1544442010051
ENQ01168,2026-02-11 10:22:00,Goa,Booked,Instagram,6,31994.0,15.347472435047207,74.14444165275276
ENQ01169,2026-02-13 14:56:00,Ladakh,Qualified,Instagram,5,53418.0,34.048150594247176,77.52994703414568
ENQ01170,2026-03-10 10:34:00,Manali,Booked,Instagram,4,65291.0,32.24319063606995,77.24835047072312
ENQ01171,2026-05-13 09:55:00,Kerala,Qualified,WhatsApp,5,45346.0,11.045136502774394,76.32732366311643
ENQ01172,2026-06-05 15:42:00,Ladakh,Qualified,Google Ads,3,51474.0,34.07160000635604,77.56949237956806
ENQ01173,2026-02-20 19:53:00,Manali,Contacted,WhatsApp,2,45210.0,32.25767809560271,77.14764873037252
ENQ01174,2026-01-20 09:11:00,Ladakh,New,Referral,6,40172.0,34.19022062447476,77.39528983292796
ENQ01175,2026-04-20 15:56:00,Varanasi,New,Instagram,6,22349.0,25.36185196970624,82.93578900620557
ENQ01176,2026-04-18 17:56:00,Kerala,Booked,Instagram,2,25186.0,10.841723581464358,76.38835783512212
ENQ01177,2026-03-09 18:02:00,Goa,Booked,Instagram,5,21779.0,15.198378625951287,74.1458175422883
ENQ01178,2026-02-03 08:21:00,Jaipur,Lost,Referral,3,37414.0,26.975913726320517,75.8009269166629
ENQ01179,2026-06-02 18:24:00,Manali,Booked,Website,5,44407.0,32.11406461555839,77.29723173018411
ENQ01180,2026-06-02 07:25:00,Jaipur,Booked,WhatsApp,1,20837.0,26.89549167596749,75.74509673199375
ENQ01181,2026-05-15 10:46:00,Jaipur,Qualified,Google Ads,3,41328.0,26.887561369424567,75.75672828871956
ENQ01182,2026-04-15 12:41:00,Kerala,Booked,Google Ads,1,26978.0,10.755285626180019,76.28429604688618
ENQ01183,2026-02-17 20:12:00,Varanasi,Lost,Instagram,5,24723.0,25.26982135936688,83.027571061772
ENQ01184,2026-03-14 10:36:00,Goa,Booked,Google Ads,3,30189.0,15.340707639489215,74.2540535529411
ENQ01185,2026-01-13 19:58:00,Varanasi,New,Google Ads,2,24159.0,25.300669348530185,82.90964001991641
ENQ01186,2026-02-14 22:26:00,Ladakh,Booked,Google Ads,5,52556.0,34.03502061318778,77.75246747088599
ENQ01187,2026-03-23 22:55:00,Varanasi,New,Website,6,37087.0,25.370568639721288,82.91850640630561
ENQ01188,2026-03-20 11:38:00,Udaipur,New,Google Ads,3,57727.0,24.720852407141372,73.82099299071089
ENQ01189,2026-01-15 08:55:00,Varanasi,Booked,Instagram,5,32763.0,25.20949779980359,82.91362200999328
ENQ01190,2026-06-22 10:54:00,Goa,Lost,Google Ads,5,33325.0,15.288714012387171,74.03839319231984
ENQ01191,2026-02-18 19:01:00,Manali,New,Google Ads,3,92935.0,32.235473642967136,77.24615695571518
ENQ01192,2026-04-02 10:48:00,Ladakh,New,Website,5,19269.0,34.042739131334216,77.6004400438379
ENQ01193,2026-03-25 17:11:00,Kerala,Lost,Referral,1,71300.0,10.943979838034616,76.30311761914164
ENQ01194,2026-03-26 12:49:00,Udaipur,New,Instagram,6,84219.0,24.57935069161759,73.65905185923391
ENQ01195,2026-06-02 19:48:00,Ladakh,New,Google Ads,3,56458.0,34.21906734976795,77.48284639103616
ENQ01196,2026-05-15 16:15:00,Goa,Booked,Google Ads,1,34473.0,15.31872334488761,74.12604125864426
ENQ01197,2026-06-06 16:03:00,Goa,Lost,Google Ads,6,76019.0,15.389348882096778,74.07738009911448
ENQ01198,2026-03-10 19:25:00,Kerala,Qualified,Referral,5,34608.0,10.81068113504855,76.1717508103495
ENQ01199,2026-02-17 22:18:00,Jaipur,Qualified,Website,5,29116.0,26.947382741968035,75.75339473255742
ENQ01200,2026-03-18 12:33:00,Kerala,Contacted,Website,1,33588.0,10.781534081818412,76.20975469866582
ENQ01201,2026-04-12 15:04:00,Udaipur,Contacted,Google Ads,5,30948.0,24.628368439717033,73.62426316002217
ENQ01202,2026-03-02 17:02:00,Kerala,Booked,Website,5,26125.0,10.769366722801626,76.3428089140414
ENQ01203,2026-03-24 20:26:00,Goa,Lost,Website,6,65916.0,15.286010353933642,74.20043560687874
ENQ01204,2026-01-28 14:46:00,Varanasi,Contacted,Website,3,28242.0,25.288851534775265,82.97380992804827
ENQ01205,2026-04-16 12:18:00,Goa,Contacted,Website,6,39470.0,15.311803941754897,74.23498290137174
ENQ01206,2026-05-09 20:19:00,Ladakh,Contacted,WhatsApp,5,20888.0,34.257069826096824,77.66925896305538
ENQ01207,2026-04-05 22:09:00,Jaipur,New,Website,2,40558.0,26.86209449040517,75.70835363444934
ENQ01208,2026-06-07 16:16:00,Ladakh,Contacted,Website,2,23777.0,34.21346331704487,77.68714077618407
ENQ01209,2026-06-29 08:17:00,Manali,New,WhatsApp,6,23516.0,32.3362254985695,77.19024394058667
ENQ01210,2026-06-13 11:15:00,Manali,Booked,WhatsApp,4,38080.0,32.301424683589936,77.24883101224681
ENQ01211,2026-01-17 14:20:00,Manali,Contacted,Website,1,64362.0,32.25511542331036,77.20458988997896
ENQ01212,2026-06-08 18:17:00,Goa,Booked,WhatsApp,1,48768.0,15.307155626944224,74.06095227733768
ENQ01213,2026-03-02 17:40:00,Manali,Qualified,Website,5,50299.0,32.188315804995526,77.13308077107922
ENQ01214,2026-03-23 20:20:00,Udaipur,Lost,Referral,2,37729.0,24.4574610578574,73.72392879418788
ENQ01215,2026-03-16 07:45:00,Udaipur,Lost,Website,2,34393.0,24.582154130172995,73.77345713085471
ENQ01216,2026-02-21 14:36:00,Goa,Contacted,Instagram,4,57105.0,15.40015738263833,74.22994354918772
ENQ01217,2026-06-07 18:38:00,Varanasi,New,Website,6,31045.0,25.43107723666478,82.91333351781688
ENQ01218,2026-04-25 22:35:00,Udaipur,Booked,Google Ads,3,58228.0,24.470843257761025,73.78695948624524
ENQ01219,2026-06-24 09:55:00,Udaipur,New,Website,4,69760.0,24.69597067505607,73.83697939577684
ENQ01220,2026-06-21 21:15:00,Manali,Contacted,Instagram,5,27392.0,32.281999696775394,77.02946368419171
ENQ01221,2026-03-17 07:58:00,Jaipur,New,Google Ads,4,29265.0,26.941648757074688,75.83173526943276
ENQ01222,2026-05-11 10:12:00,Ladakh,Lost,Website,5,31291.0,34.252766001700685,77.69137029551865
ENQ01223,2026-04-01 20:08:00,Manali,New,WhatsApp,2,20671.0,32.31597067227083,77.14221768813633
ENQ01224,2026-03-31 19:49:00,Manali,Qualified,Instagram,4,32383.0,32.16087061483579,77.2319168921453
ENQ01225,2026-05-14 22:53:00,Varanasi,Qualified,Website,1,71846.0,25.254206791165952,83.0919109685474
ENQ01226,2026-05-04 16:05:00,Goa,Booked,Website,5,24987.0,15.162935285011846,74.16935092899156
ENQ01227,2026-06-14 16:35:00,Udaipur,Contacted,Website,5,72618.0,24.6109627979794,73.69595866659752
ENQ01228,2026-05-20 15:30:00,Jaipur,Lost,Website,5,32912.0,26.838390698055623,75.62235789580456
ENQ01229,2026-04-22 15:13:00,Varanasi,Booked,Instagram,1,103565.0,25.275085705114183,82.93278934550128
ENQ01230,2026-06-15 15:31:00,Ladakh,Qualified,Google Ads,6,29431.0,34.241538932707876,77.51437154893759
ENQ01231,2026-01-19 11:41:00,Ladakh,Contacted,Instagram,3,37491.0,34.18882164908511,77.47362081572466
ENQ01232,2026-05-18 20:34:00,Ladakh,Booked,Instagram,1,26557.0,34.19101985552669,77.39798397182523
ENQ01233,2026-03-12 12:31:00,Ladakh,Booked,Referral,4,29354.0,34.32022369423446,77.56571459785617
ENQ01234,2026-03-19 16:53:00,Goa,Qualified,Website,4,73044.0,15.075739942048079,74.0665800419552
ENQ01235,2026-05-21 17:13:00,Ladakh,Contacted,Google Ads,3,49522.0,34.08254702135313,77.52453454945069
ENQ01236,2026-02-19 15:37:00,Ladakh,New,WhatsApp,5,63551.0,34.12342868833609,77.52399062773395
ENQ01237,2026-06-09 16:18:00,Kerala,New,Website,4,22128.0,10.785187033834543,76.1784053638401
ENQ01238,2026-03-31 07:58:00,Manali,New,Google Ads,2,53707.0,32.30894315391465,77.2852908492189
ENQ01239,2026-03-04 12:15:00,Jaipur,New,WhatsApp,4,25835.0,26.8920340941411,75.78588906799742
ENQ01240,2026-03-01 14:52:00,Kerala,New,Google Ads,2,21913.0,10.760393531184594,76.27678165586691
ENQ01241,2026-03-17 13:37:00,Varanasi,Lost,WhatsApp,1,44537.0,25.335997100972303,82.9563481112229
ENQ01242,2026-06-19 21:12:00,Manali,Booked,Website,2,44333.0,32.274885998221556,77.21389670256409
ENQ01243,2026-01-19 21:45:00,Manali,Lost,Google Ads,6,40972.0,32.15886884887276,77.28464380109831
ENQ01244,2026-04-02 18:14:00,Kerala,Booked,Website,4,55245.0,10.833888299213633,76.40514572815336
ENQ01245,2026-05-31 12:15:00,Jaipur,Booked,Website,2,59263.0,26.94603364715354,75.94497465042974
ENQ01246,2026-03-26 07:20:00,Ladakh,New,WhatsApp,3,77498.0,34.24662153354451,77.59517517025127
ENQ01247,2026-04-12 19:40:00,Goa,Booked,Website,6,23411.0,15.24145145067043,74.06787460201843
ENQ01248,2026-03-04 21:23:00,Goa,Contacted,WhatsApp,4,78633.0,15.341942742798603,74.13545008670327
ENQ01249,2026-01-25 14:34:00,Jaipur,Qualified,Google Ads,5,93309.0,26.865277901120717,75.8539447958088
ENQ01250,2026-04-26 20:33:00,Udaipur,Lost,WhatsApp,4,33922.0,24.58850170642848,73.77962078522407
ENQ01251,2026-06-15 21:11:00,Ladakh,Lost,WhatsApp,6,18879.0,34.07456239466387,77.65695773344065
ENQ01252,2026-04-04 15:13:00,Jaipur,Contacted,Google Ads,4,21462.0,26.952479645547783,75.88310557315695
ENQ01253,2026-03-19 10:18:00,Goa,Booked,WhatsApp,3,32494.0,15.377494440057308,74.11720372794336
ENQ01254,2026-01-24 07:13:00,Manali,New,Referral,2,99012.0,32.22997003674853,77.33184247940727
ENQ01255,2026-06-20 19:55:00,Goa,New,Google Ads,1,40309.0,15.276054522449444,74.18387469590702
ENQ01256,2026-06-06 15:22:00,Varanasi,New,Google Ads,5,30300.0,25.28708904062482,82.82494935358899
ENQ01257,2026-06-12 09:24:00,Jaipur,New,Website,6,29384.0,26.814212872175524,75.81977367078896
ENQ01258,2026-03-06 07:40:00,Kerala,Booked,Website,4,22058.0,10.906590535968409,76.30383707273762
ENQ01259,2026-04-23 22:47:00,Manali,Contacted,Website,3,59290.0,32.33487596011148,77.22050081241873
ENQ01260,2026-03-19 12:41:00,Manali,New,Instagram,1,38377.0,32.181181223493276,77.2367441745179
ENQ01261,2026-02-12 12:33:00,Manali,Lost,Website,4,102905.0,32.2567686368744,77.14315535960404
ENQ01262,2026-02-07 17:58:00,Goa,Qualified,Instagram,2,53068.0,15.337101544117349,74.1303496132814
ENQ01263,2026-03-11 12:53:00,Goa,Qualified,Google Ads,4,58111.0,15.250899955929013,74.10977073811496
ENQ01264,2026-04-10 21:12:00,Jaipur,Qualified,Google Ads,2,35871.0,27.025485370843374,75.89777102528558
ENQ01265,2026-01-22 17:09:00,Jaipur,Qualified,WhatsApp,6,24481.0,26.927451531141646,75.79188137263098
ENQ01266,2026-05-07 12:23:00,Ladakh,Qualified,WhatsApp,6,26998.0,34.03795632101889,77.7145492090693
ENQ01267,2026-03-24 11:50:00,Goa,Booked,WhatsApp,2,21601.0,15.382207350989438,74.18415612565634
ENQ01268,2026-06-08 20:57:00,Goa,Lost,Google Ads,2,60253.0,15.11732154263275,74.12727381205247
ENQ01269,2026-02-20 16:42:00,Jaipur,Contacted,Website,6,33638.0,26.902229703334473,75.84192523506405
ENQ01270,2026-01-10 21:41:00,Varanasi,Qualified,WhatsApp,1,61406.0,25.281517534916336,82.95536318268371
ENQ01271,2026-02-26 12:14:00,Ladakh,New,Website,4,42523.0,34.202153035116375,77.5151137306329
ENQ01272,2026-06-25 07:35:00,Udaipur,Lost,Website,1,35062.0,24.539476585327254,73.72796613118088
ENQ01273,2026-02-27 21:11:00,Kerala,Contacted,Website,3,23631.0,10.957578856267967,76.33577757897787
ENQ01274,2026-05-07 10:32:00,Udaipur,Contacted,Google Ads,1,45815.0,24.6714323255146,73.71756534449723
ENQ01275,2026-06-01 20:11:00,Manali,Lost,Google Ads,1,36252.0,32.36280624190264,77.0499054060399
ENQ01276,2026-02-21 18:04:00,Udaipur,Booked,Website,3,60031.0,24.74717913747211,73.88464071801441
ENQ01277,2026-04-26 10:58:00,Udaipur,New,Referral,1,28990.0,24.62192930796295,73.77908101099484
ENQ01278,2026-02-06 19:53:00,Jaipur,Contacted,Website,5,52780.0,26.909360010879578,75.77053453095414
ENQ01279,2026-03-07 08:41:00,Manali,Contacted,Website,4,83702.0,32.19433036997086,77.18527903869885
ENQ01280,2026-02-23 13:37:00,Goa,Lost,Website,3,45220.0,15.343774678048456,74.15759070777307
ENQ01281,2026-05-02 12:14:00,Jaipur,Qualified,Website,3,56955.0,27.0713282457353,75.79532196366421
ENQ01282,2026-06-07 17:34:00,Udaipur,Contacted,Referral,6,51740.0,24.466293715092398,73.84404484969788
ENQ01283,2026-02-15 15:44:00,Jaipur,Booked,Website,6,93974.0,26.81472365773922,75.74254872595957
ENQ01284,2026-02-22 16:32:00,Varanasi,Qualified,Website,1,47280.0,25.33933945130807,83.00727400658106
ENQ01285,2026-05-28 14:16:00,Ladakh,New,Website,5,54809.0,34.03696493448555,77.51728222109011
ENQ01286,2026-03-25 18:23:00,Manali,Lost,Referral,3,39352.0,32.1247374030982,77.23893704506581
ENQ01287,2026-04-03 09:50:00,Manali,New,WhatsApp,5,28231.0,32.33787039077623,77.09145295646027
ENQ01288,2026-05-08 18:15:00,Kerala,Lost,Google Ads,5,23224.0,10.93015279624383,76.34556229954597
ENQ01289,2026-01-25 07:57:00,Udaipur,Booked,Google Ads,5,70739.0,24.53267433680708,73.55389367713057
ENQ01290,2026-06-06 08:45:00,Goa,New,WhatsApp,5,25409.0,15.213599518464422,74.07637939304729
ENQ01291,2026-03-07 18:53:00,Goa,Booked,Website,2,55953.0,15.422633667744735,74.1145357939987
ENQ01292,2026-04-29 09:30:00,Kerala,Booked,Website,6,48235.0,10.769953761920776,76.28292788439616
ENQ01293,2026-03-19 19:13:00,Ladakh,Booked,Instagram,5,60454.0,34.04897218633075,77.61814720401651
ENQ01294,2026-05-16 09:02:00,Goa,Booked,Website,2,31730.0,15.22108687525826,74.05739810078475
ENQ01295,2026-04-21 09:32:00,Manali,New,Instagram,2,28024.0,32.27323936387455,77.32921869462417
ENQ01296,2026-02-01 21:23:00,Ladakh,New,Instagram,4,47425.0,34.32842300481887,77.49381075953764
ENQ01297,2026-02-03 09:06:00,Goa,Booked,Website,3,35069.0,15.251571493862775,74.16524258280299
ENQ01298,2026-06-07 21:55:00,Jaipur,New,Instagram,5,22987.0,27.005903147864696,75.61417330483299
ENQ01299,2026-04-04 12:58:00,Kerala,Contacted,Instagram,3,95700.0,10.857486945512504,76.23212856187489
ENQ01300,2026-02-19 19:22:00,Jaipur,Qualified,Website,2,28015.0,26.758478304077578,75.68032657760061
ENQ01301,2026-01-26 22:40:00,Goa,New,WhatsApp,3,25578.0,15.253878043228724,74.12870520159859
ENQ01302,2026-01-24 08:24:00,Kerala,Booked,Google Ads,5,35871.0,10.931148228821131,76.29944784920657
ENQ01303,2026-06-15 12:29:00,Kerala,Booked,Website,5,70293.0,10.926303154973413,76.27323794686778
ENQ01304,2026-06-25 16:37:00,Manali,Lost,Website,2,15087.0,32.18680432424504,77.17450000369035
ENQ01305,2026-03-12 20:24:00,Manali,New,Website,5,67716.0,32.29884138779754,77.27180497354614
ENQ01306,2026-02-06 09:48:00,Kerala,Qualified,Website,1,26542.0,10.838670025244493,76.19677077900936
ENQ01307,2026-03-17 09:11:00,Kerala,Lost,Website,6,45056.0,10.87735265275898,76.30933847710739
ENQ01308,2026-01-25 12:40:00,Udaipur,Contacted,Website,5,29508.0,24.68401752688425,73.65819897016324
ENQ01309,2026-04-09 10:58:00,Udaipur,Booked,WhatsApp,1,98027.0,24.531976219658745,73.77299281580318
ENQ01310,2026-04-23 11:51:00,Kerala,Booked,Referral,5,42307.0,10.81790531431927,76.23512526538568
ENQ01311,2026-06-27 09:02:00,Ladakh,Contacted,Referral,3,29085.0,34.25293118961122,77.46731955149751
ENQ01312,2026-02-27 20:06:00,Udaipur,Contacted,Google Ads,6,34931.0,24.74989625118204,73.66348916695138
ENQ01313,2026-02-05 19:37:00,Jaipur,Booked,Referral,2,41646.0,26.98173827222406,75.77859602704598
ENQ01314,2026-01-25 09:55:00,Ladakh,New,Referral,6,43330.0,34.17430898278977,77.55597708001906
ENQ01315,2026-03-09 15:50:00,Ladakh,Lost,WhatsApp,6,48731.0,34.22112613216264,77.54921409007844
ENQ01316,2026-04-19 17:54:00,Goa,Booked,Referral,2,39975.0,15.253464282252393,74.26906734606959
ENQ01317,2026-01-12 17:08:00,Jaipur,New,Referral,3,21524.0,26.914750615761097,75.73324435511844
ENQ01318,2026-05-17 22:31:00,Kerala,Booked,Referral,4,34321.0,10.731277072807048,76.42034624248288
ENQ01319,2026-03-24 17:43:00,Manali,Qualified,Google Ads,2,52556.0,32.199045969883585,77.35414705908009
ENQ01320,2026-05-23 17:37:00,Varanasi,Contacted,Website,6,29590.0,25.34950834811303,82.9853308160242
ENQ01321,2026-03-25 07:46:00,Kerala,Lost,Website,2,54143.0,10.86408750498624,76.44837607514214
ENQ01322,2026-01-28 08:12:00,Jaipur,Booked,Instagram,2,40575.0,26.737022514446334,75.8044473215606
ENQ01323,2026-01-04 16:27:00,Goa,Booked,Website,4,36267.0,15.278083711397596,74.10695252919335
ENQ01324,2026-04-11 21:26:00,Ladakh,Lost,Website,3,68460.0,34.164544948171354,77.5556996680403
ENQ01325,2026-04-08 13:56:00,Jaipur,Qualified,Website,1,18297.0,26.927450453375066,75.7854138030276
ENQ01326,2026-05-27 17:12:00,Varanasi,Qualified,Website,6,29518.0,25.212515345745228,83.00440928302487
ENQ01327,2026-06-07 10:19:00,Goa,Contacted,WhatsApp,2,69649.0,15.356584356135967,74.08063475059934
ENQ01328,2026-01-29 14:01:00,Manali,New,Instagram,1,91140.0,32.39263168625793,77.29604573965312
ENQ01329,2026-02-26 19:09:00,Kerala,Qualified,Website,4,111897.0,10.918016183933695,76.33764565952225
ENQ01330,2026-02-07 17:58:00,Goa,Qualified,Instagram,6,40917.0,15.301707756208792,74.21530976837875
ENQ01331,2026-01-20 08:50:00,Kerala,Booked,Website,1,49153.0,10.976160368964969,76.33574192102496
ENQ01332,2026-01-01 21:15:00,Varanasi,Qualified,Google Ads,3,57785.0,25.27197733265501,82.97072548493708
ENQ01333,2026-01-15 21:42:00,Jaipur,Booked,Google Ads,6,70999.0,26.95829360263809,75.85431959232369
ENQ01334,2026-04-05 14:35:00,Manali,Lost,Website,6,46052.0,32.23700182283652,77.14385531623144
ENQ01335,2026-01-28 12:54:00,Varanasi,Lost,Instagram,2,60682.0,25.444336558990226,82.88811442283848
ENQ01336,2026-02-05 15:18:00,Varanasi,Contacted,Website,4,49194.0,25.242293459549366,82.8677297752399
ENQ01337,2026-01-22 19:59:00,Kerala,Lost,Google Ads,6,50596.0,10.775015934430055,76.37088759016953
ENQ01338,2026-05-11 14:22:00,Udaipur,Booked,WhatsApp,5,26459.0,24.687866620521056,73.7065763572428
ENQ01339,2026-04-25 07:43:00,Jaipur,New,WhatsApp,4,34492.0,26.952105151644545,75.78645963379009
ENQ01340,2026-06-23 08:23:00,Jaipur,Contacted,Website,5,31615.0,26.817041853923765,75.96474856061396
ENQ01341,2026-01-21 19:40:00,Kerala,Contacted,Referral,3,23427.0,10.960479197205599,76.29945355242639
ENQ01342,2026-02-07 19:20:00,Varanasi,Booked,Referral,1,19023.0,25.249128806208617,82.95590524982642
ENQ01343,2026-03-24 19:50:00,Udaipur,Booked,WhatsApp,4,33057.0,24.530005955886402,73.72030657927428
ENQ01344,2026-04-27 09:38:00,Goa,Qualified,Website,4,35521.0,15.324093853967948,74.09670996049516
ENQ01345,2026-01-24 09:17:00,Manali,Booked,Instagram,6,41936.0,32.12684697976744,77.35976471885726
ENQ01346,2026-02-08 13:57:00,Kerala,Contacted,Website,6,51365.0,10.869502139746508,76.30762736001556
ENQ01347,2026-03-17 10:42:00,Goa,Qualified,Website,3,43534.0,15.265507249114002,73.99903911077365
ENQ01348,2026-01-04 13:25:00,Manali,Lost,Google Ads,6,35633.0,32.236535957528176,77.16334223928105
ENQ01349,2026-03-13 15:08:00,Kerala,Lost,Instagram,1,26498.0,10.907262750457566,76.3435862058701
ENQ01350,2026-05-17 11:58:00,Goa,Booked,Website,6,59356.0,15.36050235837675,74.20306178687336
ENQ01351,2026-04-05 08:45:00,Manali,Contacted,WhatsApp,1,38209.0,32.38749326459813,77.22038813916285
ENQ01352,2026-03-20 13:40:00,Goa,New,Instagram,4,32907.0,15.387237265664787,74.16350884590685
ENQ01353,2026-03-29 18:49:00,Ladakh,Contacted,WhatsApp,5,36781.0,34.00059716800177,77.56463837738498
ENQ01354,2026-06-20 16:36:00,Goa,Qualified,Referral,4,28765.0,15.229883079447697,74.14251466645635
ENQ01355,2026-04-04 12:13:00,Jaipur,Contacted,WhatsApp,6,31503.0,26.84911918725491,75.83575447120243
ENQ01356,2026-04-07 11:14:00,Jaipur,Lost,Referral,4,31055.0,26.990882247851168,75.88358560368161
ENQ01357,2026-06-17 16:04:00,Jaipur,Booked,Website,1,35148.0,27.041940924921942,75.65321807327433
ENQ01358,2026-01-29 09:03:00,Goa,Qualified,Website,4,53730.0,15.203379997204255,74.35822521489864
ENQ01359,2026-01-18 20:43:00,Kerala,Contacted,WhatsApp,2,48042.0,10.931261897588763,76.28905583768376
ENQ01360,2026-03-22 20:51:00,Jaipur,Qualified,Website,4,80231.0,26.914963000824955,75.78275118823241
ENQ01361,2026-02-27 07:09:00,Goa,Qualified,Instagram,3,69004.0,15.144600275397167,74.06221367163012
ENQ01362,2026-02-06 22:34:00,Jaipur,Booked,Google Ads,1,96474.0,26.90345219243963,75.73003120996317
ENQ01363,2026-01-22 07:07:00,Manali,New,Website,4,51444.0,32.196389120756045,77.39389851375844
ENQ01364,2026-06-08 14:24:00,Jaipur,Lost,Website,1,51074.0,26.89226775667469,75.80954960066134
ENQ01365,2026-04-21 17:47:00,Kerala,New,Instagram,2,32122.0,10.869902902800298,76.31825675988985
ENQ01366,2026-05-05 12:48:00,Varanasi,Contacted,Instagram,4,58008.0,25.27941737873039,83.07365849984309
ENQ01367,2026-01-22 10:56:00,Varanasi,Lost,Google Ads,6,29774.0,25.35308497548854,82.87092685010202
ENQ01368,2026-03-03 07:18:00,Goa,Contacted,Website,2,20639.0,15.29069968006163,74.11022813434626
ENQ01369,2026-04-22 18:56:00,Ladakh,New,Instagram,2,79497.0,34.13514676357355,77.61774374417784
ENQ01370,2026-04-06 07:47:00,Varanasi,Booked,Website,2,22800.0,25.368378015134336,83.01523224662512
ENQ01371,2026-05-06 14:20:00,Jaipur,Qualified,Google Ads,4,48733.0,26.939513228646206,75.7941510166125
ENQ01372,2026-05-01 13:19:00,Manali,New,Website,2,26916.0,32.07110343967102,77.25143141031505
ENQ01373,2026-03-16 22:06:00,Udaipur,New,Website,4,66412.0,24.62446832760852,73.6337190978663
ENQ01374,2026-05-21 21:55:00,Goa,New,Referral,5,70612.0,15.321746582271732,74.17583507848641
ENQ01375,2026-02-16 20:12:00,Manali,Qualified,Website,1,50755.0,32.33689976521801,77.23002411545392
ENQ01376,2026-01-15 18:16:00,Kerala,Contacted,Referral,6,70087.0,10.87622814454531,76.34684178540006
ENQ01377,2026-06-14 15:24:00,Jaipur,Booked,Website,4,40132.0,26.88787679838447,75.82026025756761
ENQ01378,2026-01-05 12:08:00,Ladakh,Lost,Website,4,109318.0,34.102910944463694,77.6658237366097
ENQ01379,2026-02-21 09:48:00,Goa,New,Website,4,55961.0,15.170523110859467,74.18933897393202
ENQ01380,2026-01-21 22:41:00,Jaipur,Contacted,WhatsApp,6,26672.0,26.913816716947842,75.8645309864581
ENQ01381,2026-02-11 13:09:00,Jaipur,New,Instagram,4,41273.0,26.849956450368698,75.7944986863053
ENQ01382,2026-03-13 13:09:00,Manali,Contacted,Website,6,37347.0,32.2480504071785,77.22391068480404
ENQ01383,2026-01-24 09:01:00,Ladakh,Contacted,Google Ads,2,35737.0,34.068795043948164,77.62789720704674
ENQ01384,2026-03-26 11:56:00,Udaipur,Booked,Instagram,2,18976.0,24.437728469754212,73.65907263543062
ENQ01385,2026-06-16 17:26:00,Ladakh,Contacted,Referral,4,47606.0,34.02758159942886,77.64325755197486
ENQ01386,2026-01-25 13:39:00,Kerala,Qualified,WhatsApp,1,21441.0,10.882510462200724,76.30758309175191
ENQ01387,2026-06-16 16:08:00,Manali,Booked,Google Ads,1,12838.0,32.36105515169989,77.16392466646705
ENQ01388,2026-03-16 10:13:00,Manali,Lost,Instagram,2,34263.0,32.291966854513014,77.19448178777412
ENQ01389,2026-04-17 08:32:00,Jaipur,Contacted,Instagram,2,28466.0,26.905501235626513,75.89183006656631
ENQ01390,2026-03-21 21:12:00,Ladakh,Contacted,WhatsApp,1,27145.0,34.31915034907216,77.54248266697093
ENQ01391,2026-02-26 13:36:00,Manali,Lost,Instagram,5,9900.0,32.30989756732159,77.21472935301175
ENQ01392,2026-01-20 12:55:00,Manali,Contacted,Website,4,27276.0,32.26968899379604,77.20897421832268
ENQ01393,2026-04-17 11:18:00,Manali,Booked,WhatsApp,2,36993.0,32.21655376068311,76.90240155512626
ENQ01394,2026-06-14 17:36:00,Udaipur,Booked,WhatsApp,2,30069.0,24.70818474596788,73.65692139298622
ENQ01395,2026-04-04 16:54:00,Goa,Qualified,Instagram,6,47617.0,15.279975428403953,74.10637656799855
ENQ01396,2026-04-18 13:53:00,Varanasi,Contacted,Instagram,6,74857.0,25.25489572853973,82.99311921135966
ENQ01397,2026-04-26 21:00:00,Varanasi,New,Google Ads,1,50463.0,25.31405500516623,82.91657712169363
ENQ01398,2026-03-11 21:06:00,Udaipur,Qualified,Referral,4,63482.0,24.59734416133211,73.70985626456334
ENQ01399,2026-01-22 10:59:00,Jaipur,Qualified,Instagram,2,65890.0,26.98662708570305,75.68006937698546
ENQ01400,2026-04-02 17:55:00,Goa,Booked,Website,3,25290.0,15.234868854328658,74.18202380886699
ENQ01401,2026-06-06 22:19:00,Manali,Booked,Website,4,48739.0,32.19202056452414,77.11692781899639
ENQ01402,2026-02-26 14:31:00,Udaipur,Lost,Website,6,62596.0,24.53817672471931,73.70442170266486
ENQ01403,2026-06-06 07:34:00,Ladakh,Lost,Website,4,32874.0,34.14482568511464,77.56020332511181
ENQ01404,2026-06-03 09:40:00,Kerala,Booked,Referral,6,28025.0,10.768214788124109,76.33295271418028
ENQ01405,2026-02-14 17:45:00,Goa,New,Website,5,50783.0,15.405397580980615,73.97116570508906
ENQ01406,2026-04-14 21:22:00,Goa,Qualified,Instagram,5,20535.0,15.175016750606119,74.20422855798199
ENQ01407,2026-05-15 09:53:00,Kerala,Booked,Referral,5,24515.0,10.976083707250059,76.10076568226363
ENQ01408,2026-03-31 15:03:00,Goa,Booked,Instagram,5,29632.0,15.364534920102308,74.25503039091589
ENQ01409,2026-05-06 14:01:00,Kerala,Contacted,Website,2,48990.0,10.781507018733375,76.39747342615146
ENQ01410,2026-06-13 11:57:00,Udaipur,Booked,WhatsApp,6,44141.0,24.5711604575296,73.73767096724586
ENQ01411,2026-04-23 17:10:00,Manali,Contacted,Website,6,63653.0,32.18566133483623,77.2692822820817
ENQ01412,2026-05-31 21:59:00,Manali,Contacted,WhatsApp,4,26418.0,32.30995616940924,77.32717674845838
ENQ01413,2026-05-25 10:17:00,Jaipur,Lost,Website,5,25788.0,27.02764858952882,75.78656799646262
ENQ01414,2026-05-27 07:21:00,Goa,Qualified,Instagram,6,50635.0,15.547970289214552,74.23206341187789
ENQ01415,2026-06-03 12:01:00,Varanasi,Qualified,Google Ads,1,27924.0,25.36084128280365,82.8941276481877
ENQ01416,2026-02-10 12:56:00,Manali,Booked,Instagram,1,30487.0,32.12079738166179,77.07359777143387
ENQ01417,2026-01-04 18:21:00,Goa,Booked,Google Ads,6,17346.0,15.224606761046036,74.23418421247122
ENQ01418,2026-01-28 15:10:00,Jaipur,Contacted,Website,4,45593.0,26.951367113067004,75.73823014533052
ENQ01419,2026-02-14 07:29:00,Jaipur,Booked,Google Ads,5,80035.0,26.901530479128265,75.76668028776577
ENQ01420,2026-05-05 12:09:00,Kerala,Contacted,Website,4,25171.0,10.914504053641894,76.20079617900514
ENQ01421,2026-04-02 18:47:00,Kerala,Booked,Referral,4,63348.0,10.878474910889299,76.29510686207574
ENQ01422,2026-03-26 14:04:00,Manali,New,Google Ads,1,38945.0,32.17529055918777,77.31624048233682
ENQ01423,2026-01-02 16:29:00,Manali,Lost,Instagram,2,18073.0,32.21955430347815,77.1097799900355
ENQ01424,2026-05-04 11:23:00,Goa,Booked,Website,1,26742.0,15.367530398361616,74.12835964617237
ENQ01425,2026-03-07 12:02:00,Manali,Qualified,Instagram,3,26010.0,32.275874265012725,77.09442561598468
ENQ01426,2026-05-17 09:03:00,Jaipur,Contacted,Google Ads,1,34690.0,26.97739330013136,75.96109426916196
ENQ01427,2026-01-21 08:31:00,Ladakh,Qualified,Website,5,48311.0,34.05157330161724,77.60533670447916
ENQ01428,2026-02-23 07:23:00,Jaipur,Booked,Google Ads,2,91918.0,26.849575224372,76.0024684847678
ENQ01429,2026-01-10 16:07:00,Manali,Booked,Website,5,21007.0,32.342370598252025,77.21176858744239
ENQ01430,2026-02-21 09:08:00,Jaipur,Booked,Website,1,32160.0,26.81417060193045,75.7084155140179
ENQ01431,2026-06-16 16:48:00,Udaipur,Lost,Referral,1,26727.0,24.645101960454543,73.6035006241826
ENQ01432,2026-03-30 22:43:00,Goa,Qualified,Website,3,22608.0,15.192810892420635,74.12470650121342
ENQ01433,2026-03-21 18:36:00,Ladakh,Booked,Website,5,41755.0,34.16327333356349,77.60740251257555
ENQ01434,2026-02-19 16:50:00,Jaipur,Qualified,Google Ads,5,40027.0,26.877237976174634,75.86091172369049
ENQ01435,2026-02-17 08:04:00,Udaipur,Booked,Referral,4,17684.0,24.516454822961887,73.76263154828452
ENQ01436,2026-05-01 14:41:00,Kerala,Qualified,Website,4,40328.0,10.86762965429345,76.31915192685028
ENQ01437,2026-06-27 21:45:00,Goa,Booked,Website,5,23253.0,15.393859844154044,74.0875734123916
ENQ01438,2026-05-15 13:12:00,Goa,New,Instagram,5,40213.0,15.246413797454446,73.98892849950786
ENQ01439,2026-05-13 20:32:00,Goa,Contacted,Google Ads,5,70821.0,15.137779832326174,74.10992206735443
ENQ01440,2026-03-26 18:46:00,Udaipur,Contacted,Instagram,1,49267.0,24.57679816953043,73.62561335008449
ENQ01441,2026-01-18 11:36:00,Ladakh,Lost,Google Ads,3,43326.0,34.082912024010525,77.69887630858368
ENQ01442,2026-05-11 09:14:00,Goa,Qualified,Referral,6,31530.0,15.369367182424226,74.02307145002227
ENQ01443,2026-05-26 07:39:00,Goa,Contacted,WhatsApp,3,41222.0,15.263912155910488,74.15648021533251
ENQ01444,2026-04-02 11:45:00,Goa,Qualified,Instagram,1,51539.0,15.249183918051157,74.05930437476756
ENQ01445,2026-01-17 12:00:00,Jaipur,Qualified,Website,4,49292.0,26.8853403372974,75.8745528708266
ENQ01446,2026-05-09 17:34:00,Kerala,Lost,Website,2,38253.0,10.9450121042015,76.21226425457662
ENQ01447,2026-06-15 16:30:00,Goa,Lost,Website,4,44111.0,15.336144087570746,74.12348705976977
ENQ01448,2026-02-10 14:22:00,Goa,Lost,Instagram,4,22119.0,15.218641160601116,74.10023403893999
ENQ01449,2026-01-29 18:02:00,Ladakh,Lost,WhatsApp,5,28744.0,34.05146126496019,77.67004441897224
ENQ01450,2026-05-13 19:05:00,Varanasi,Contacted,Instagram,6,54997.0,25.441797763412424,82.94105415347407
ENQ01451,2026-03-01 18:45:00,Udaipur,Contacted,Website,5,58428.0,24.533473654996456,73.79686755501189
ENQ01452,2026-05-09 21:49:00,Jaipur,Booked,Google Ads,6,41721.0,27.009691915278403,75.6981470878486
ENQ01453,2026-05-07 12:25:00,Ladakh,Booked,WhatsApp,1,77821.0,34.140756426499784,77.5722849289703
ENQ01454,2026-02-17 20:56:00,Kerala,Contacted,Website,5,50274.0,10.788837898107607,76.301978535527
ENQ01455,2026-01-08 13:55:00,Manali,Booked,Referral,3,36016.0,32.18720437319329,77.1459791403715
ENQ01456,2026-04-11 09:39:00,Jaipur,Contacted,Referral,5,23104.0,26.9042925816132,75.66817501742197
ENQ01457,2026-03-15 09:34:00,Ladakh,Contacted,Instagram,1,76425.0,33.98808373840187,77.65046178933106
ENQ01458,2026-06-03 08:57:00,Kerala,Contacted,Google Ads,4,56572.0,10.791274152871052,76.44188912664201
ENQ01459,2026-03-06 22:36:00,Udaipur,Lost,Instagram,1,89848.0,24.743147034006693,73.67198171026249
ENQ01460,2026-02-14 09:56:00,Kerala,Booked,Website,4,106055.0,11.037624239646611,76.346105962351
ENQ01461,2026-06-04 20:58:00,Udaipur,Qualified,Instagram,2,22416.0,24.533774895764555,73.50595282081503
ENQ01462,2026-05-13 19:11:00,Varanasi,Booked,Website,1,22442.0,25.372652411008026,82.97640366999049
ENQ01463,2026-04-22 14:39:00,Ladakh,Booked,Google Ads,1,11028.0,34.187108926859494,77.55869310587964
ENQ01464,2026-06-21 21:43:00,Goa,Qualified,Referral,2,60470.0,15.207791445552092,74.0898378668463
ENQ01465,2026-05-21 21:49:00,Goa,Booked,Website,6,53747.0,15.355830982875604,74.09564997061005
ENQ01466,2026-06-05 21:20:00,Varanasi,Contacted,Google Ads,6,41799.0,25.28876657141259,82.85234903295539
ENQ01467,2026-05-24 14:51:00,Manali,Qualified,Website,1,23037.0,32.250496038542266,77.100245444681
ENQ01468,2026-03-14 11:29:00,Kerala,New,Website,6,38429.0,10.92398209597585,76.2123719279816
ENQ01469,2026-01-12 07:23:00,Varanasi,Qualified,Google Ads,4,43467.0,25.29394367276034,83.14701868525955
ENQ01470,2026-04-20 20:09:00,Kerala,Qualified,Website,2,56889.0,10.825974062183953,76.23585401470936
ENQ01471,2026-05-18 20:19:00,Udaipur,New,Referral,6,45228.0,24.632249758871914,73.56967905582195
ENQ01472,2026-06-28 15:58:00,Goa,Qualified,Website,2,53925.0,15.399364745742282,74.20351520347644
ENQ01473,2026-05-03 08:42:00,Udaipur,Booked,Referral,2,37827.0,24.627356139589978,73.4423322005219
ENQ01474,2026-04-13 20:43:00,Jaipur,Booked,Instagram,2,68071.0,26.89164706412194,75.68547070191957
ENQ01475,2026-04-14 11:53:00,Kerala,New,Instagram,1,53152.0,10.940428542716763,76.35530488698049
ENQ01476,2026-01-21 15:16:00,Ladakh,New,Referral,3,23447.0,34.18364079118646,77.4807511042288
ENQ01477,2026-01-02 17:39:00,Goa,Contacted,Instagram,1,74741.0,15.418843536841996,74.10301910887844
ENQ01478,2026-01-09 09:22:00,Goa,Lost,Website,2,69435.0,15.443729685352046,74.145230965349
ENQ01479,2026-06-12 08:50:00,Goa,Lost,WhatsApp,3,49321.0,15.339844641513332,74.087175649235
ENQ01480,2026-05-23 08:25:00,Kerala,Contacted,Instagram,4,45386.0,10.963056446222545,76.31977471074349
ENQ01481,2026-02-16 22:51:00,Manali,Booked,Website,6,84374.0,32.35863133540117,77.20340329588376
ENQ01482,2026-03-18 22:44:00,Jaipur,Booked,Instagram,1,19180.0,26.908636907259538,75.8349104130319
ENQ01483,2026-03-29 13:46:00,Ladakh,Lost,Google Ads,4,69926.0,34.268003240727296,77.65833874457913
ENQ01484,2026-02-14 13:55:00,Goa,New,Google Ads,1,32284.0,15.310357904572342,73.97542251938977
ENQ01485,2026-03-18 13:47:00,Kerala,Qualified,Referral,6,65478.0,10.915330883149705,76.15600361620369
ENQ01486,2026-03-04 12:19:00,Kerala,Booked,Google Ads,2,42227.0,10.853300460492187,76.26183870501036
ENQ01487,2026-05-06 15:31:00,Jaipur,Contacted,Website,6,22864.0,26.79897852135475,75.81710024718991
ENQ01488,2026-05-17 12:28:00,Jaipur,New,Website,5,31991.0,27.084745419216585,75.7622915575056
ENQ01489,2026-01-18 16:03:00,Ladakh,New,Website,2,63349.0,34.21387037299305,77.76545518709936
ENQ01490,2026-03-25 13:35:00,Kerala,Qualified,Referral,2,36390.0,10.91950905752071,76.21951253538738
ENQ01491,2026-06-28 17:26:00,Jaipur,Booked,Website,2,30241.0,26.931361183689823,75.82576241464875
ENQ01492,2026-06-06 22:23:00,Udaipur,Booked,Google Ads,3,30151.0,24.700105050661918,73.80962402725105
ENQ01493,2026-05-23 10:06:00,Manali,Contacted,Google Ads,3,53404.0,32.021609310521235,77.1207036358243
ENQ01494,2026-05-13 08:30:00,Jaipur,Lost,Referral,4,87941.0,26.906797862190913,75.70607703499698
ENQ01495,2026-01-01 15:34:00,Varanasi,Qualified,Website,3,15264.0,25.021592675272746,82.91585052097994
ENQ01496,2026-06-25 08:06:00,Manali,Lost,Website,5,141060.0,32.24291115140099,77.14717722537509
ENQ01497,2026-05-13 10:38:00,Goa,New,WhatsApp,3,43841.0,15.219544539593894,74.12731716998279
ENQ01498,2026-06-09 19:10:00,Ladakh,Lost,Google Ads,2,51934.0,34.18004705402017,77.53951223088276
ENQ01499,2026-06-13 13:08:00,Goa,Lost,Instagram,2,32870.0,15.409039505797894,74.12861715327035
ENQ01500,2026-02-15 15:24:00,Goa,Lost,Referral,5,39937.0,15.22957890642921,74.034037014212
ENQ01501,2026-01-03 19:23:00,Goa,Booked,WhatsApp,1,43620.0,15.282262415739307,74.21307365228299
ENQ01502,2026-04-29 09:54:00,Udaipur,Contacted,Website,2,24948.0,24.519504903268547,73.76017035871975
ENQ01503,2026-03-24 14:04:00,Varanasi,Booked,WhatsApp,2,27836.0,25.325164552801144,83.13335863756038
ENQ01504,2026-01-04 07:20:00,Ladakh,Booked,Website,4,68165.0,34.18382011709284,77.52114190084593
ENQ01505,2026-02-18 14:44:00,Goa,Qualified,WhatsApp,1,19892.0,15.358209562301175,74.18560175927168
ENQ01506,2026-06-28 10:14:00,Udaipur,Lost,Website,3,48781.0,24.553639119016335,73.6193803436536
ENQ01507,2026-03-07 21:58:00,Kerala,Contacted,Website,5,33857.0,10.893382815298127,76.2761812141412
ENQ01508,2026-02-16 11:44:00,Goa,Qualified,Website,6,25960.0,15.177975992660997,74.14436167991924
ENQ01509,2026-04-28 10:56:00,Jaipur,Lost,Referral,3,97149.0,26.861440568158304,75.66605183665101
ENQ01510,2026-04-30 07:56:00,Udaipur,Contacted,WhatsApp,6,26033.0,24.557230692528936,73.81513349873656
ENQ01511,2026-03-01 09:06:00,Goa,New,Website,4,24055.0,15.395944920007045,74.19974016816059
ENQ01512,2026-06-02 10:27:00,Kerala,Contacted,Website,5,36772.0,10.87203863120737,76.31876377626841
ENQ01513,2026-04-15 10:44:00,Kerala,Booked,Website,2,28305.0,10.85839156651824,76.18269593390285
ENQ01514,2026-01-29 18:00:00,Jaipur,Lost,Website,6,40115.0,26.839959848091805,75.73872552595539
ENQ01515,2026-02-28 21:27:00,Ladakh,New,Referral,2,42897.0,34.264708726130905,77.66313525848963
ENQ01516,2026-06-02 20:41:00,Udaipur,Booked,Website,1,44455.0,24.499009794933855,73.71677128923331
ENQ01517,2026-01-17 22:47:00,Manali,Booked,WhatsApp,1,37831.0,32.21099142857978,77.17679195685595
ENQ01518,2026-01-03 21:24:00,Varanasi,Booked,WhatsApp,4,29163.0,25.274716574483822,83.0863553298245
ENQ01519,2026-04-29 14:51:00,Manali,Booked,Website,4,53432.0,32.241687477050114,77.2064925443681
ENQ01520,2026-03-21 13:40:00,Varanasi,Lost,Google Ads,2,38039.0,25.335540656490664,82.89167838600312
ENQ01521,2026-02-15 17:02:00,Jaipur,Contacted,WhatsApp,6,32004.0,26.921084295827242,75.87228534574295
ENQ01522,2026-03-26 12:16:00,Manali,Contacted,WhatsApp,2,77857.0,32.36101527883846,77.09737480258245
ENQ01523,2026-02-03 16:56:00,Goa,Booked,Google Ads,4,37875.0,15.177811901008901,74.12897076640331
ENQ01524,2026-03-09 22:00:00,Manali,Qualified,Website,4,65384.0,32.331935006058806,77.2179677163427
ENQ01525,2026-02-12 10:06:00,Manali,Qualified,Website,4,69474.0,32.29762368608639,77.08038007832748
ENQ01526,2026-04-16 19:20:00,Goa,New,Referral,5,71402.0,15.253541001258402,73.94831101553656
ENQ01527,2026-05-02 21:59:00,Ladakh,New,Instagram,6,54593.0,34.141200956060324,77.40386244473254
ENQ01528,2026-06-14 15:42:00,Jaipur,Lost,Google Ads,5,39989.0,27.01901293614724,75.91168571743272
ENQ01529,2026-01-13 12:08:00,Jaipur,New,Referral,6,38864.0,26.923651479364942,75.66629415138577
ENQ01530,2026-02-28 11:23:00,Manali,Booked,Instagram,6,35839.0,32.27325701231305,77.33793060467687
ENQ01531,2026-02-17 09:56:00,Kerala,Booked,Website,3,15086.0,10.888558839974955,76.36589871923928
ENQ01532,2026-04-15 12:13:00,Goa,New,Instagram,4,55276.0,15.260486775064303,74.05430319617332
ENQ01533,2026-04-06 18:34:00,Kerala,Contacted,WhatsApp,2,44652.0,10.844831039266989,76.11696357160474
ENQ01534,2026-06-07 15:27:00,Varanasi,Qualified,Website,6,57995.0,25.498727084905113,82.98507200371844
ENQ01535,2026-06-15 10:45:00,Jaipur,Qualified,Website,6,37948.0,26.98174183634936,75.7503793177283
ENQ01536,2026-05-20 15:45:00,Ladakh,Contacted,WhatsApp,6,53950.0,34.029153090411334,77.69106518645447
ENQ01537,2026-02-05 19:49:00,Goa,Booked,Google Ads,5,21520.0,15.20937197749787,74.15190710108554
ENQ01538,2026-01-08 07:07:00,Kerala,Contacted,Google Ads,6,23635.0,10.885946784905556,76.27701610429432
ENQ01539,2026-06-11 07:27:00,Jaipur,New,Referral,5,13126.0,26.849633261105424,75.77532942103791
ENQ01540,2026-06-19 22:41:00,Varanasi,New,Instagram,2,37653.0,25.24159593391661,83.03863421540471
ENQ01541,2026-02-15 18:25:00,Udaipur,Contacted,WhatsApp,2,28254.0,24.63112375419986,73.71078780535217
ENQ01542,2026-01-09 16:40:00,Jaipur,Contacted,WhatsApp,4,26639.0,26.8669318822644,75.95588543198257
ENQ01543,2026-05-03 21:38:00,Jaipur,Lost,Website,3,46501.0,26.808234881107733,75.66373095225113
ENQ01544,2026-04-16 16:22:00,Goa,New,Instagram,5,33030.0,15.292739521549759,74.10335621387432
ENQ01545,2026-06-09 15:06:00,Jaipur,Qualified,Website,5,20989.0,27.00020659638035,75.83898931639574
ENQ01546,2026-04-14 10:58:00,Ladakh,Booked,Google Ads,6,125716.0,34.154962046958566,77.61702702262555
ENQ01547,2026-05-17 19:49:00,Kerala,Booked,Google Ads,5,39339.0,10.889073259859973,76.43938453761456
ENQ01548,2026-05-22 19:53:00,Kerala,Booked,Google Ads,1,24568.0,10.870769071239636,76.21661382938565
ENQ01549,2026-01-02 11:17:00,Ladakh,New,WhatsApp,3,29591.0,34.168480087986254,77.36750564693838
ENQ01550,2026-01-27 18:18:00,Udaipur,Booked,Instagram,2,37002.0,24.58278819668637,73.79993859768848
ENQ01551,2026-05-21 18:19:00,Udaipur,Contacted,Referral,4,36967.0,24.633574729509633,73.73638448349166
ENQ01552,2026-02-02 08:01:00,Goa,Booked,Google Ads,3,71870.0,15.35123913244564,74.21226052359022
ENQ01553,2026-02-07 09:10:00,Goa,Contacted,Instagram,6,38596.0,15.413318672583856,74.15979647202315
ENQ01554,2026-05-16 16:18:00,Goa,Booked,Website,2,92178.0,15.274011085238985,73.93891824075521
ENQ01555,2026-02-06 16:59:00,Goa,Booked,Google Ads,3,32927.0,15.377553874160618,74.16521620108831
ENQ01556,2026-01-27 17:12:00,Manali,Booked,Google Ads,5,48462.0,32.25541275900127,77.13415588038445
ENQ01557,2026-01-03 12:30:00,Goa,New,Website,3,63356.0,15.376512160267245,74.10342108593375
ENQ01558,2026-03-26 20:32:00,Goa,Booked,Referral,1,68491.0,15.296546231116322,74.11952091286653
ENQ01559,2026-04-25 14:21:00,Manali,Booked,Instagram,2,72184.0,32.27918813745324,77.0973094391176
ENQ01560,2026-05-12 10:55:00,Goa,Qualified,Website,3,35392.0,15.344304148952588,74.06632893145536
ENQ01561,2026-06-13 08:05:00,Goa,Contacted,Referral,4,39901.0,15.244435703448069,74.19481920380461
ENQ01562,2026-04-28 21:52:00,Manali,New,Instagram,5,13107.0,32.16359772311235,77.25987539208084
ENQ01563,2026-05-17 18:44:00,Manali,Contacted,Google Ads,4,36623.0,32.251309337976714,77.0573378600904
ENQ01564,2026-02-07 14:18:00,Varanasi,Booked,Google Ads,3,65362.0,25.42675806813172,82.99872029818108
ENQ01565,2026-03-03 10:46:00,Varanasi,Qualified,Website,4,59887.0,25.349130069271187,83.05447938484679
ENQ01566,2026-02-24 08:25:00,Goa,Booked,Instagram,1,38473.0,15.419237659564905,74.14008215169729
ENQ01567,2026-01-12 09:58:00,Jaipur,Booked,Website,2,85926.0,26.961782985799687,75.81699487444939
ENQ01568,2026-06-24 08:02:00,Goa,Booked,Website,4,33652.0,15.271870583463866,73.99732509576839
ENQ01569,2026-02-13 15:01:00,Goa,Booked,Google Ads,6,28980.0,15.316493764728337,74.23431502645155
ENQ01570,2026-03-22 10:32:00,Manali,Booked,Website,4,32402.0,32.28986663706861,77.10380614472189
ENQ01571,2026-03-06 09:55:00,Ladakh,Qualified,WhatsApp,1,24138.0,34.240401720451594,77.5522424118515
ENQ01572,2026-01-09 11:03:00,Goa,Contacted,Instagram,6,52929.0,15.131937930200401,74.2054323052146
ENQ01573,2026-06-12 18:46:00,Goa,Lost,Website,2,45545.0,15.223669550072552,74.26645826984942
ENQ01574,2026-02-09 14:56:00,Varanasi,Lost,WhatsApp,5,52634.0,25.409421872047794,82.95567605810695
ENQ01575,2026-01-19 09:29:00,Manali,Qualified,Instagram,6,33195.0,32.27994878766036,77.38311348525241
ENQ01576,2026-03-03 18:52:00,Jaipur,Lost,Google Ads,6,38968.0,26.992400563026962,75.80635600198276
ENQ01577,2026-01-26 14:45:00,Goa,Lost,Google Ads,1,15008.0,15.530432319536501,74.13340648087652
ENQ01578,2026-06-29 09:12:00,Ladakh,Qualified,WhatsApp,2,47379.0,34.199145185510304,77.50210294487526
ENQ01579,2026-02-04 18:51:00,Jaipur,Booked,Website,4,41819.0,26.778422490752412,75.76427581664413
ENQ01580,2026-02-24 22:41:00,Kerala,Booked,Website,5,24377.0,10.853572646749482,76.2974410867528
ENQ01581,2026-02-18 15:00:00,Udaipur,Contacted,WhatsApp,6,38160.0,24.47181831625806,73.76535394576945
ENQ01582,2026-01-05 09:34:00,Goa,New,Website,4,35618.0,15.232869158076506,74.17269874875154
ENQ01583,2026-01-03 11:39:00,Varanasi,Qualified,Google Ads,1,88484.0,25.39239411862749,82.9422592727958
ENQ01584,2026-04-03 16:48:00,Goa,Booked,Google Ads,5,24813.0,15.222194485418592,74.24749194539069
ENQ01585,2026-02-11 22:46:00,Goa,Contacted,Google Ads,5,46434.0,15.369132967543937,74.13615810670778
ENQ01586,2026-01-16 21:28:00,Goa,Booked,Referral,3,24484.0,15.41677422109439,74.13066093791804
ENQ01587,2026-02-22 21:17:00,Ladakh,Booked,WhatsApp,4,31120.0,34.10295942318443,77.49686383485017
ENQ01588,2026-02-19 20:11:00,Goa,Booked,Website,2,45306.0,15.29067606917171,74.18573763823852
ENQ01589,2026-03-18 16:05:00,Jaipur,Contacted,Google Ads,5,36371.0,27.023580737208626,75.78918081728276
ENQ01590,2026-06-28 17:38:00,Ladakh,Qualified,Google Ads,1,39892.0,34.24964999423485,77.55985844547983
ENQ01591,2026-02-25 18:57:00,Goa,Contacted,Website,6,46461.0,15.236772158507533,74.01949494129596
ENQ01592,2026-05-07 18:04:00,Ladakh,Contacted,WhatsApp,6,32031.0,34.11210080301265,77.47550740580402
ENQ01593,2026-05-19 17:42:00,Kerala,New,Instagram,5,59546.0,11.011260930495217,76.30624371410475
ENQ01594,2026-01-10 09:35:00,Kerala,New,Website,5,34863.0,10.842850812066855,76.40886014098766
ENQ01595,2026-04-01 21:10:00,Varanasi,Contacted,WhatsApp,6,38282.0,25.21341861048228,82.96292857312834
ENQ01596,2026-03-22 07:12:00,Varanasi,Booked,WhatsApp,1,47062.0,25.477573903368146,82.96237675946203
ENQ01597,2026-04-02 13:17:00,Jaipur,Qualified,Website,4,44302.0,27.108145102272363,75.85014838715533
ENQ01598,2026-01-31 13:41:00,Ladakh,Contacted,Referral,4,53452.0,34.25707407269058,77.68379158587639
ENQ01599,2026-03-25 22:17:00,Ladakh,Lost,Website,6,46132.0,34.152728196819844,77.53794306683236
ENQ01600,2026-01-23 08:49:00,Ladakh,Qualified,Website,5,49400.0,34.14336477440957,77.4980453997349
ENQ01601,2026-06-20 14:22:00,Kerala,Lost,Website,4,34552.0,10.845222969341616,76.27074751606041
ENQ01602,2026-04-16 12:06:00,Kerala,Booked,WhatsApp,4,24728.0,10.985638799625537,76.3185620568582
ENQ01603,2026-01-07 08:05:00,Kerala,New,Website,1,21040.0,11.039509404622951,76.09833647218849
ENQ01604,2026-04-02 10:24:00,Jaipur,Lost,Website,2,18860.0,26.815036503997607,75.75887237378677
ENQ01605,2026-06-16 13:24:00,Manali,Lost,Referral,3,88421.0,32.362599557121136,77.18043382397734
ENQ01606,2026-05-14 21:44:00,Kerala,Booked,Instagram,6,14778.0,10.7330738531479,76.25149004510808
ENQ01607,2026-02-19 13:28:00,Kerala,Qualified,Website,6,68447.0,10.754692139379607,76.15960993854802
ENQ01608,2026-06-10 21:09:00,Goa,Qualified,Website,4,27646.0,15.459206225412313,74.09587129066554
ENQ01609,2026-02-03 18:12:00,Manali,Qualified,Referral,1,68223.0,32.257052229024204,77.18176349222655
ENQ01610,2026-02-14 20:33:00,Kerala,Booked,Google Ads,5,14846.0,10.830380350031325,76.203847117417
ENQ01611,2026-01-28 20:20:00,Manali,Qualified,Referral,3,35984.0,32.21834923166627,77.21617883828193
ENQ01612,2026-06-16 18:40:00,Ladakh,New,Website,4,76953.0,34.26609082496512,77.65279485092432
ENQ01613,2026-05-10 18:55:00,Varanasi,New,Instagram,3,55137.0,25.220074648203592,83.05298259345894
ENQ01614,2026-04-04 09:21:00,Jaipur,New,Referral,5,34367.0,26.95043504092219,75.73732231995092
ENQ01615,2026-05-01 18:33:00,Jaipur,Contacted,Website,2,16685.0,26.926967767694926,75.83308297469199
ENQ01616,2026-02-16 07:49:00,Varanasi,Contacted,Website,1,22060.0,25.32136423582583,83.01231946673254
ENQ01617,2026-01-13 18:12:00,Manali,Lost,Instagram,2,74739.0,32.174163918646094,77.34862656353972
ENQ01618,2026-06-02 17:30:00,Udaipur,Contacted,Website,6,34198.0,24.43105722168174,73.75872809786625
ENQ01619,2026-06-23 19:18:00,Goa,Contacted,Website,1,38728.0,15.328641077040826,74.17543547147613
ENQ01620,2026-01-07 17:37:00,Jaipur,Contacted,WhatsApp,2,45444.0,26.85573037186814,75.88083576226664
ENQ01621,2026-01-10 12:44:00,Manali,Qualified,Instagram,3,22256.0,32.23456154546574,77.0943028048744
ENQ01622,2026-04-11 12:08:00,Varanasi,Booked,Google Ads,6,48046.0,25.23001516893792,82.983876405507
ENQ01623,2026-01-08 16:11:00,Ladakh,Qualified,Website,3,33117.0,34.02487827812308,77.72104047867539
ENQ01624,2026-05-10 14:01:00,Ladakh,Lost,Google Ads,6,45652.0,34.23651370244341,77.72314754566808
ENQ01625,2026-06-20 12:00:00,Manali,Lost,Google Ads,6,30838.0,32.38091387912871,77.16104748281587
ENQ01626,2026-02-20 14:03:00,Udaipur,Lost,WhatsApp,4,19707.0,24.515853642987985,73.49827818542687
ENQ01627,2026-02-22 15:42:00,Jaipur,Booked,Instagram,3,33002.0,26.879901270008563,75.92855222846688
ENQ01628,2026-06-05 10:54:00,Kerala,Contacted,Referral,4,53369.0,10.784271947400224,76.2543063204109
ENQ01629,2026-03-06 17:24:00,Ladakh,Booked,Website,5,47761.0,34.10823438007337,77.60699961228862
ENQ01630,2026-02-13 12:52:00,Manali,Contacted,Google Ads,1,40561.0,32.346086774737145,77.06606315059884
ENQ01631,2026-01-16 11:43:00,Ladakh,Booked,WhatsApp,5,59922.0,34.04477792146955,77.69592960314195
ENQ01632,2026-06-01 13:48:00,Goa,New,Google Ads,3,36498.0,15.357945349956145,74.10324955509212
ENQ01633,2026-06-16 08:44:00,Jaipur,Contacted,Google Ads,6,41026.0,27.048966620954115,75.67809768908882
ENQ01634,2026-01-15 16:11:00,Kerala,New,WhatsApp,4,32233.0,10.924997079295283,76.26564095129089
ENQ01635,2026-05-25 18:31:00,Ladakh,Booked,WhatsApp,6,61520.0,34.20112350688103,77.38602783102998
ENQ01636,2026-01-29 22:31:00,Goa,Booked,Website,1,45607.0,15.278443731208453,74.18294373728291
ENQ01637,2026-01-25 11:38:00,Udaipur,New,Website,1,31132.0,24.580333582528414,73.81292382182407
ENQ01638,2026-03-10 15:47:00,Goa,Qualified,Google Ads,1,20467.0,15.397044400571264,74.04731490998235
ENQ01639,2026-03-20 15:06:00,Varanasi,Qualified,WhatsApp,6,65767.0,25.383519412106693,82.89448698742174
ENQ01640,2026-06-03 18:40:00,Kerala,Booked,Instagram,6,28618.0,10.85482123529238,76.32359025994461
ENQ01641,2026-05-06 16:49:00,Goa,New,Website,6,41318.0,15.232477365499154,74.18695409484515
ENQ01642,2026-01-27 19:06:00,Varanasi,New,Google Ads,2,115301.0,25.277171540307847,82.927444197807
ENQ01643,2026-04-16 20:24:00,Varanasi,Booked,Website,2,57372.0,25.374132078683175,82.90702216450532
ENQ01644,2026-06-07 08:53:00,Manali,Booked,Website,3,82591.0,32.17225316245096,77.27249248320241
ENQ01645,2026-04-30 12:01:00,Goa,Lost,Website,5,31397.0,15.307984572153995,74.00767044037573
ENQ01646,2026-02-11 17:09:00,Jaipur,Booked,Website,2,64768.0,26.98085131027106,75.75477190142053
ENQ01647,2026-01-24 15:48:00,Ladakh,Lost,Referral,4,40483.0,34.04035893283508,77.37641479910707
ENQ01648,2026-03-23 14:10:00,Kerala,Contacted,Website,4,47162.0,10.922773143762592,76.20230655471107
ENQ01649,2026-03-26 09:42:00,Udaipur,Qualified,Website,3,99311.0,24.48589241829612,73.76365222643088
ENQ01650,2026-03-05 16:54:00,Varanasi,Lost,Instagram,3,35286.0,25.382063327704707,82.91093176011243
ENQ01651,2026-01-20 18:29:00,Udaipur,New,Website,4,40348.0,24.658411252768477,73.87689143368905
ENQ01652,2026-01-22 07:29:00,Goa,Booked,Instagram,5,26641.0,15.407033061677689,74.21928456761574
ENQ01653,2026-04-06 16:25:00,Manali,New,Website,2,59662.0,32.268330329770606,77.15370254355769
ENQ01654,2026-06-19 21:22:00,Kerala,Qualified,Website,4,31081.0,10.84602911576826,76.30635932829303
ENQ01655,2026-04-18 16:22:00,Jaipur,New,Google Ads,1,63377.0,26.81179904330761,75.72574944739148
ENQ01656,2026-03-20 22:33:00,Goa,Booked,Website,1,19038.0,15.185079988561395,74.14281492978331
ENQ01657,2026-06-17 12:53:00,Kerala,Booked,Website,4,51201.0,10.857144313791643,76.21888330676252
ENQ01658,2026-05-05 07:58:00,Ladakh,New,Website,3,29941.0,34.21823993643038,77.49343197072574
ENQ01659,2026-05-10 17:51:00,Kerala,New,Website,2,55568.0,10.795313220785822,76.333542118793
ENQ01660,2026-04-14 10:07:00,Jaipur,Contacted,Website,1,39757.0,26.986705262410094,75.72364190378329
ENQ01661,2026-05-18 07:18:00,Ladakh,Contacted,Instagram,6,31437.0,34.171163408379456,77.51469542073768
ENQ01662,2026-04-01 09:45:00,Jaipur,Qualified,Website,5,33613.0,26.896612837313818,75.79880699153213
ENQ01663,2026-04-22 21:32:00,Goa,Lost,Website,6,27281.0,15.344129295905276,74.14940472107945
ENQ01664,2026-04-21 19:20:00,Ladakh,New,WhatsApp,1,58316.0,34.17445298724322,77.49072013303143
ENQ01665,2026-05-16 11:18:00,Udaipur,Qualified,Website,1,24953.0,24.6164621311446,73.75658522809572
ENQ01666,2026-06-11 16:07:00,Ladakh,Qualified,Website,2,35470.0,34.20771476240697,77.51943838564233
ENQ01667,2026-02-22 12:19:00,Udaipur,Contacted,Google Ads,1,46723.0,24.65864684932669,73.60712121105786
ENQ01668,2026-05-06 09:25:00,Kerala,Contacted,Website,3,82678.0,10.816034547676477,76.24905847341647
ENQ01669,2026-01-06 22:24:00,Goa,Booked,Referral,4,39833.0,15.198307274999737,74.10074311907961
ENQ01670,2026-04-06 20:32:00,Goa,Booked,Website,2,35865.0,15.317018473147584,73.97793822545333
ENQ01671,2026-06-11 12:16:00,Ladakh,Booked,Instagram,3,45242.0,34.12102492929833,77.43712792541893
ENQ01672,2026-04-27 12:12:00,Ladakh,Qualified,WhatsApp,4,15734.0,34.31592310274536,77.59399929735471
ENQ01673,2026-02-18 20:53:00,Goa,Booked,Website,2,23324.0,15.30936634270648,74.14256587293272
ENQ01674,2026-04-20 14:24:00,Manali,Lost,Website,3,33783.0,32.29156165044807,77.26745238798676
ENQ01675,2026-03-06 13:15:00,Goa,Lost,Google Ads,4,29022.0,15.174215685694827,74.22881420779413
ENQ01676,2026-03-19 13:38:00,Goa,Lost,WhatsApp,6,19463.0,15.39896602352138,74.1186922711314
ENQ01677,2026-02-11 14:32:00,Ladakh,Contacted,Instagram,2,58843.0,34.14310170474534,77.32877913627007
ENQ01678,2026-04-23 15:34:00,Jaipur,Lost,Google Ads,1,44960.0,26.812880707023876,75.82880794210105
ENQ01679,2026-02-05 07:13:00,Manali,Booked,Website,6,42606.0,32.33924939730479,77.24750695376935
ENQ01680,2026-03-21 14:43:00,Ladakh,Booked,Google Ads,4,29271.0,34.146542794737734,77.73106981604548
ENQ01681,2026-06-19 14:11:00,Kerala,Booked,Website,3,41455.0,10.930914044509372,76.23959388650042
ENQ01682,2026-05-17 11:50:00,Manali,Lost,Google Ads,5,50420.0,32.41776885215627,77.10150662122348
ENQ01683,2026-03-16 12:25:00,Goa,Qualified,Website,6,35505.0,15.181552782357004,74.09031156903008
ENQ01684,2026-06-24 13:24:00,Jaipur,Booked,Google Ads,1,48859.0,26.851708785758355,75.75810547084104
ENQ01685,2026-01-03 12:23:00,Goa,Booked,Website,6,27957.0,15.36314725571209,74.12128163427163
ENQ01686,2026-06-22 21:25:00,Jaipur,Booked,Google Ads,4,41794.0,26.91173625859042,75.79200518529672
ENQ01687,2026-03-05 15:39:00,Jaipur,Booked,Referral,4,66887.0,26.727413960562018,75.66607915936656
ENQ01688,2026-05-28 15:29:00,Goa,Contacted,WhatsApp,6,69636.0,15.268475098765647,74.05656569589217
ENQ01689,2026-06-20 11:07:00,Goa,Contacted,WhatsApp,2,72697.0,15.280757001028311,74.23633027036864
ENQ01690,2026-04-19 21:33:00,Jaipur,Qualified,Instagram,5,45485.0,26.906444040208545,75.68152654258216
ENQ01691,2026-04-20 07:16:00,Ladakh,Booked,Google Ads,4,40573.0,34.089152017018826,77.71384607271938
ENQ01692,2026-05-15 15:06:00,Jaipur,Booked,Website,6,32685.0,27.034999517716724,75.8349701948519
ENQ01693,2026-02-13 09:50:00,Manali,Lost,WhatsApp,3,17734.0,32.11820135434438,77.21374439480833
ENQ01694,2026-02-02 19:18:00,Ladakh,Booked,Google Ads,5,21839.0,34.18329576793206,77.57904321667122
ENQ01695,2026-03-03 13:35:00,Jaipur,Booked,Instagram,3,37087.0,26.866799115551252,75.75828951649042
ENQ01696,2026-03-28 11:10:00,Manali,New,Instagram,3,38098.0,32.19202280742503,77.09759408333127
ENQ01697,2026-05-14 07:20:00,Udaipur,Booked,Referral,3,75519.0,24.69467902683746,73.78308510360237
ENQ01698,2026-02-16 19:23:00,Kerala,Lost,Referral,6,72279.0,10.827705644593335,76.29927426466942
ENQ01699,2026-04-12 13:08:00,Goa,Booked,Referral,6,29370.0,15.330476071231244,74.31143068464608
ENQ01700,2026-01-01 11:58:00,Varanasi,Lost,Instagram,2,57808.0,25.387405494473256,83.04068156949825
ENQ01701,2026-01-06 20:18:00,Varanasi,Lost,Instagram,6,32272.0,25.320638481045545,82.93914608332719
ENQ01702,2026-06-24 07:34:00,Manali,Contacted,WhatsApp,4,54383.0,32.353816820212934,77.2413817694053
ENQ01703,2026-06-03 14:33:00,Jaipur,Booked,Google Ads,1,57489.0,26.84603664367565,75.82360932434719
ENQ01704,2026-06-05 09:25:00,Jaipur,Qualified,Google Ads,5,69953.0,26.979390887073667,75.61963352349657
ENQ01705,2026-03-01 09:35:00,Udaipur,Qualified,Google Ads,1,32047.0,24.511609056593226,73.7415211860832
ENQ01706,2026-04-03 07:33:00,Goa,Contacted,Google Ads,6,63138.0,15.1453430956937,73.98270950672917
ENQ01707,2026-05-02 09:04:00,Jaipur,Contacted,Google Ads,3,17221.0,26.89076306076846,75.8266235407276
ENQ01708,2026-02-15 22:40:00,Manali,Contacted,Google Ads,6,71677.0,32.28622269655209,77.31579196421532
ENQ01709,2026-05-15 14:06:00,Ladakh,Booked,WhatsApp,3,39552.0,34.15918111103116,77.54718777172316
ENQ01710,2026-05-05 22:26:00,Jaipur,New,WhatsApp,1,39933.0,26.807811233107582,75.75652979068585
ENQ01711,2026-03-15 11:21:00,Jaipur,Qualified,Instagram,5,15991.0,26.96900234463974,75.84751777627898
ENQ01712,2026-03-20 19:26:00,Manali,Qualified,Website,5,33582.0,32.26436952053828,77.23296919482358
ENQ01713,2026-02-25 08:04:00,Varanasi,Qualified,Google Ads,2,73615.0,25.419710684725967,82.9799217474496
ENQ01714,2026-05-25 08:42:00,Manali,Lost,Google Ads,2,33012.0,32.352585507020024,77.13106825285605
ENQ01715,2026-06-27 07:25:00,Ladakh,Qualified,Google Ads,6,55143.0,34.14673671643676,77.53853334161117
ENQ01716,2026-06-29 21:03:00,Jaipur,New,WhatsApp,5,40627.0,26.97581641053912,75.70614124427269
ENQ01717,2026-05-19 17:00:00,Goa,Lost,Website,2,64527.0,15.273558761959722,73.97522588073419
ENQ01718,2026-03-04 18:32:00,Goa,Lost,Website,5,43600.0,15.34685008684559,74.22374322205803
ENQ01719,2026-05-21 21:39:00,Goa,Booked,WhatsApp,2,26300.0,15.372156636104009,74.18901020907758
ENQ01720,2026-02-13 12:32:00,Manali,Booked,WhatsApp,2,41029.0,32.3103520316784,77.24517550627492
ENQ01721,2026-06-11 18:43:00,Udaipur,New,Instagram,4,82222.0,24.634551649800486,73.76681307661029
ENQ01722,2026-02-18 15:45:00,Goa,Booked,Website,5,50040.0,15.246845429607395,74.10798452451841
ENQ01723,2026-03-14 15:52:00,Varanasi,Contacted,Instagram,6,37958.0,25.32321946085668,82.94704358890404
ENQ01724,2026-01-17 17:58:00,Goa,Qualified,Instagram,3,110384.0,15.173995229117214,74.02519928104849
ENQ01725,2026-01-15 14:53:00,Kerala,New,Instagram,1,67392.0,10.868898089201878,76.34356207269776
ENQ01726,2026-03-12 07:47:00,Manali,Booked,Website,4,57767.0,32.243947352732775,77.41038574894833
ENQ01727,2026-04-10 08:25:00,Kerala,Contacted,Website,5,46140.0,10.776919005587578,76.30669537136527
ENQ01728,2026-01-04 15:30:00,Jaipur,Contacted,Google Ads,6,55562.0,27.015696208851956,75.87255416969325
ENQ01729,2026-06-02 16:36:00,Ladakh,New,Google Ads,1,56380.0,34.20500534894197,77.66262031790737
ENQ01730,2026-01-21 18:10:00,Ladakh,Booked,Google Ads,4,14978.0,34.157031547812615,77.71003053958565
ENQ01731,2026-06-29 16:40:00,Udaipur,Contacted,Instagram,4,47780.0,24.688052728508342,73.64432179194316
ENQ01732,2026-02-18 10:35:00,Ladakh,Qualified,Website,4,37208.0,34.17832543501075,77.45321626963785
ENQ01733,2026-03-10 12:31:00,Goa,Contacted,Instagram,1,31944.0,15.421043117858858,74.14193851528253
ENQ01734,2026-01-29 14:50:00,Manali,Booked,WhatsApp,1,36632.0,32.35110182752536,77.18045139961858
ENQ01735,2026-05-29 22:41:00,Goa,Contacted,Instagram,4,19861.0,15.150798600098776,74.33498940328559
ENQ01736,2026-05-12 15:55:00,Ladakh,Lost,Google Ads,2,17757.0,34.163087083774975,77.49698331012786
ENQ01737,2026-01-15 17:58:00,Goa,Contacted,Google Ads,4,70092.0,15.390960983071272,74.28686858249954
ENQ01738,2026-01-20 18:49:00,Goa,New,WhatsApp,1,49247.0,15.283104946043439,74.11606060714183
ENQ01739,2026-04-20 12:17:00,Varanasi,Contacted,Instagram,5,13505.0,25.336643698776925,82.88502234947583
ENQ01740,2026-06-05 22:11:00,Jaipur,New,Instagram,2,30861.0,26.857146604033492,75.9298540691492
ENQ01741,2026-01-20 17:17:00,Varanasi,Qualified,WhatsApp,3,59450.0,25.307023484968038,82.90689544175798
ENQ01742,2026-02-09 20:42:00,Goa,Contacted,Website,3,35264.0,15.263136648290939,74.20982589498641
ENQ01743,2026-04-09 18:51:00,Kerala,Lost,Google Ads,3,70045.0,10.692428249190005,76.29147199178831
ENQ01744,2026-01-20 16:52:00,Ladakh,Qualified,Instagram,4,64153.0,34.3495774996034,77.73948501018312
ENQ01745,2026-02-24 07:41:00,Kerala,Contacted,WhatsApp,4,21723.0,10.896356222465494,76.37641540880352
ENQ01746,2026-01-02 16:40:00,Goa,Qualified,Referral,5,37502.0,15.403846102783703,74.11393183972086
ENQ01747,2026-03-31 09:57:00,Jaipur,Contacted,Website,6,32696.0,26.986383504269146,75.93038664150299
ENQ01748,2026-05-09 16:41:00,Jaipur,New,Referral,2,21407.0,26.81129902055007,75.83343207019853
ENQ01749,2026-03-16 18:08:00,Jaipur,Contacted,Google Ads,6,20790.0,26.941318035847086,75.79555315879794
ENQ01750,2026-02-16 15:30:00,Kerala,New,Google Ads,4,27832.0,10.85167066445323,76.28963359780244
ENQ01751,2026-03-18 11:21:00,Goa,Contacted,Website,2,29978.0,15.324545775827959,74.21348922342905
ENQ01752,2026-04-02 07:38:00,Goa,Lost,Website,6,45437.0,15.337421173058175,74.10976987242589
ENQ01753,2026-01-30 17:38:00,Goa,Booked,Google Ads,5,63993.0,15.232106283400718,74.08620459857383
ENQ01754,2026-01-21 18:17:00,Ladakh,Lost,Instagram,2,50401.0,34.173493288230326,77.52051434096941
ENQ01755,2026-02-02 14:17:00,Jaipur,Contacted,WhatsApp,2,56067.0,26.98807016709717,75.82170441125383
ENQ01756,2026-06-27 18:05:00,Goa,Lost,Website,4,35478.0,15.390782193604561,74.07289446232264
ENQ01757,2026-05-11 19:17:00,Manali,Contacted,Google Ads,5,52469.0,32.17671458682814,77.28008457810141
ENQ01758,2026-01-23 15:49:00,Jaipur,New,Website,1,37416.0,26.922796316533407,75.77109862968786
ENQ01759,2026-02-24 07:39:00,Ladakh,Booked,Google Ads,4,32793.0,34.208492839652195,77.62991593909166
ENQ01760,2026-03-16 20:56:00,Jaipur,New,Website,4,93932.0,26.81193890106134,75.8980716098469
ENQ01761,2026-02-02 14:55:00,Varanasi,Qualified,Instagram,6,14016.0,25.284767444526768,83.10990144381935
ENQ01762,2026-06-03 17:51:00,Kerala,Booked,Website,5,17217.0,10.743816110914906,76.29649191059843
ENQ01763,2026-06-19 21:10:00,Udaipur,Booked,Google Ads,6,47517.0,24.57055030392492,73.55448122588527
ENQ01764,2026-02-14 12:20:00,Kerala,Qualified,Website,1,35504.0,10.903156638244134,76.11718503786041
ENQ01765,2026-01-03 16:03:00,Udaipur,Contacted,Referral,5,20952.0,24.562066651122638,73.8008420382173
ENQ01766,2026-02-18 07:05:00,Manali,New,Website,3,24886.0,32.2007971218164,77.11690126787876
ENQ01767,2026-04-15 21:13:00,Manali,Lost,Google Ads,4,26388.0,32.307228517644965,77.16923855595765
ENQ01768,2026-05-26 07:16:00,Varanasi,New,Google Ads,6,59766.0,25.285195224424815,83.07589939817355
ENQ01769,2026-03-03 15:00:00,Kerala,Contacted,Website,6,69025.0,10.757117701187633,76.23433141956237
ENQ01770,2026-02-19 12:50:00,Manali,Contacted,Website,2,83653.0,32.31251576088558,77.09064421155924
ENQ01771,2026-02-14 07:31:00,Goa,Lost,Website,2,19567.0,15.441327772778896,74.10665220119465
ENQ01772,2026-01-01 14:39:00,Goa,Booked,Google Ads,5,21621.0,15.36926219051299,74.1937948142418
ENQ01773,2026-01-03 21:39:00,Goa,Qualified,WhatsApp,6,20965.0,15.287116966083007,74.08567903105227
ENQ01774,2026-03-19 09:58:00,Jaipur,Lost,Website,4,71441.0,26.908962835043667,75.84431473979923
ENQ01775,2026-04-22 11:08:00,Manali,New,Google Ads,1,48261.0,32.16428601248313,77.0929393129015
ENQ01776,2026-01-03 10:20:00,Jaipur,Lost,Google Ads,1,41470.0,27.03113621774029,75.72851159436537
ENQ01777,2026-02-06 08:18:00,Kerala,New,Google Ads,5,44354.0,10.878826710562272,76.25492366328808
ENQ01778,2026-06-13 10:33:00,Varanasi,Qualified,Instagram,5,38991.0,25.304970751102125,83.08833117771101
ENQ01779,2026-06-28 16:31:00,Kerala,New,WhatsApp,6,24152.0,10.843686464979399,76.24255390974257
ENQ01780,2026-04-26 19:47:00,Varanasi,Lost,Instagram,4,50391.0,25.296022749098007,82.9336233264738
ENQ01781,2026-04-04 18:33:00,Jaipur,Lost,Referral,3,36786.0,26.858792744589998,75.74734425096673
ENQ01782,2026-04-15 19:14:00,Jaipur,Booked,Website,1,23307.0,27.04545680903109,75.84421910616484
ENQ01783,2026-03-08 18:33:00,Varanasi,Contacted,Referral,5,51796.0,25.289984276091225,83.0524324507695
ENQ01784,2026-02-06 13:57:00,Udaipur,Contacted,WhatsApp,6,33025.0,24.45842449588901,73.82255426813725
ENQ01785,2026-03-09 21:34:00,Varanasi,Qualified,WhatsApp,1,44312.0,25.42121246158615,83.15280672112189
ENQ01786,2026-05-06 09:35:00,Kerala,Contacted,Website,3,37812.0,10.931424115126292,76.30607876350922
ENQ01787,2026-04-30 18:10:00,Varanasi,New,WhatsApp,3,59740.0,25.42089123078945,82.92383524549011
ENQ01788,2026-05-02 08:00:00,Varanasi,Booked,Website,5,44166.0,25.285966680663826,82.96876041452373
ENQ01789,2026-04-20 19:12:00,Varanasi,Booked,Google Ads,5,26875.0,25.42711052247203,82.90542973177742
ENQ01790,2026-01-11 08:01:00,Varanasi,Lost,Instagram,2,46237.0,25.240635064194425,82.99282304625656
ENQ01791,2026-04-23 10:27:00,Jaipur,Qualified,Google Ads,6,46922.0,26.96980243976607,75.7310535539248
ENQ01792,2026-06-08 13:52:00,Jaipur,Contacted,Instagram,1,50349.0,26.966033436221757,75.89677194736403
ENQ01793,2026-04-27 18:26:00,Manali,Qualified,Website,5,63753.0,32.33923693547868,77.21746342148226
ENQ01794,2026-04-15 07:38:00,Kerala,Contacted,Website,5,30316.0,10.843252180088882,76.40994989085179
ENQ01795,2026-02-10 11:51:00,Udaipur,Booked,Website,1,54025.0,24.586632319559317,73.78772836956922
ENQ01796,2026-05-23 12:45:00,Goa,Booked,Instagram,5,18407.0,15.455962518334847,74.19082144637039
ENQ01797,2026-03-23 18:39:00,Goa,New,WhatsApp,2,37898.0,15.21953270136744,74.02487817749534
ENQ01798,2026-02-17 22:47:00,Udaipur,Contacted,Referral,2,35349.0,24.561589646394953,73.76925992987667
ENQ01799,2026-03-30 16:16:00,Goa,Lost,Referral,1,76739.0,15.334882869347522,74.30056656523709
ENQ01800,2026-01-22 15:25:00,Udaipur,Qualified,Referral,5,37283.0,24.62020450302091,73.68630470265995
